
prim1.txt
  [FALSE] omission: Yeah, so it's like loose and watery stool, going to the toilet quite often, uh and like some pain in my, like, lower stomach? (stools: affirmed)
  [FALSE] omission: Um, probably like six or seven times a day? Yeah. (probably: affirmed)
  [FALSE] omission: So in my lower abdomen, so, uh, like, um...yeah, just to one side. (lower abdomen: affirmed)
  [FALSE] omission: Yeah, it feels, um, like a cramp, like a muscular cramp, and, um, yeah i feel a bit uh weak and shaky. (pain: affirmed)
  [FALSE] omission: Yeah, it feels, um, like a cramp, like a muscular cramp, and, um, yeah i feel a bit uh weak and shaky. (cramp: affirmed)
  [FALSE] omission: Yeah, it feels, um, like a cramp, like a muscular cramp, and, um, yeah i feel a bit uh weak and shaky. (shaky: affirmed)
  [FALSE] omission: I haven't had a fever, um, at the moment, but I did notice um a temperature when the symptoms started, so, um, yeah around about three or four days ago. (three or four days: affirmed)
  [FALSE] omission: Yeah, so um, I vomited at the start of the symptoms but now um I've stopped vomiting. (other symptoms: affirmed)
  [FALSE] omission: Yeah, so um, I vomited at the start of the symptoms but now um I've stopped vomiting. (night sweats: affirmed)
  [FALSE] omission: Yeah, so um, I vomited at the start of the symptoms but now um I've stopped vomiting. (sweating: affirmed)
  [FALSE] omission: No no blood, no. Yeah. (no blood: negated)
  [FALSE] omission: Um, I had a loss of appetite, um, so I haven't been eating as much, but I've been able to hold down fluids. (loss of appetite: affirmed)
  [FALSE] omission: Um, I had a loss of appetite, um, so I haven't been eating as much, but I've been able to hold down fluids. (eating: negated)
  [FALSE] omission: Um, just soups, and, uh, yeah, light foods. (light: affirmed)
  [FALSE] omission: Like smoothies and, yeah, liquid foods mainly. (liquid: affirmed)
  [FALSE] omission: Are you aware of any triggers which may have caused the symptoms uh to kick on. (triggers: affirmed)
  [FALSE] omission: Uh, yeah, that's fine. I just, yeah, use an inhaler, and uh that's under control. (controlled: affirmed)
  [FALSE] omission: so um, er normally at this stage I like to um, examine you if that's okay, but um, um, but but having listened to your story, sir, I think uh, um, just to recap for the last three days you've been having loose stool, diarrhea, a bit of tummy pain uh mainly on the left-hand side, um and vomiting and fever and you're quite weak and lethargic um, you mentioned you had this Chinese takeaway as little as three days ago and I wondered whether that might be the cause of your problems. (loose stool: affirmed)
  [FALSE] omission: Um, it seems like you may have something, uh, called gastroenteritis, which essentially just a tummy bug or infection of your uh of your tummy. (infection: affirmed)
  [FALSE] omission: So, um, I don't think you need anything like antibiotics. (antibiotics: negated)
  [FALSE] omission: It's really just, um, making sure you're well hydrated, so drinking fluids. (hydrated: affirmed)
  [FALSE] omission: It's really just, um, making sure you're well hydrated, so drinking fluids. (drinking: affirmed)
  [FALSE] omission: Um, there are things like Dioralyte you can get from the pharmacy, which uh it's um it helps helps replenish your minerals and vitamins. (dioralyte: affirmed)
  [FALSE] omission: Um, there are things like Dioralyte you can get from the pharmacy, which uh it's um it helps helps replenish your minerals and vitamins. (vitamins: affirmed)
  [FALSE] omission: Uh, and we may need to do further tests like um taking a sample of your stool so we can test that. (tests: affirmed)
  [FALSE] omission: Uh, and we may need to do further tests like um taking a sample of your stool so we can test that. (sample: affirmed)
  [FALSE] hallucination: No blood in stool. (blood in stool: negated)
  [FALSE] hallucination: Opening bowels x6/day. (bowels: affirmed)
  [FALSE] hallucination: No blood in vomit. (blood: negated)
  [FALSE] hallucination: Nil smoking/etOH hx (etoh: affirmed)
  [FALSE] hallucination: Conservative management - rest, push fluids, paracetamol if feverish. (paracetamol: affirmed)
  [FALSE] status_flip: Yeah, yeah, just normal vomit, yeah. No blood in vomit. (vomit: affirmed in transcript vs negated in SOAP note)
  [FALSE] omission: Sorry to hear that. Um, and and when you say diarrhea, what'd you mean by diarrhea? Do you mean you're going to the toilet more often? Or are your stools more loose? (stools)
  [FALSE] omission: Yeah, so it's like loose and watery stool, going to the toilet quite often, uh and like some pain in my, like, lower stomach? (watery stool)
  [FALSE] omission: Yeah, so it's like loose and watery stool, going to the toilet quite often, uh and like some pain in my, like, lower stomach? (stomach)
  [FALSE] omission: Yeah, so it's like loose and watery stool, going to the toilet quite often, uh and like some pain in my, like, lower stomach? (lower)
  [FALSE] omission: Yeah, so it's like loose and watery stool, going to the toilet quite often, uh and like some pain in my, like, lower stomach? (pain)
  [FALSE] omission: Yeah, it feels, um, like a cramp, like a muscular cramp, and, um, yeah i feel a bit uh weak and shaky. (muscular cramp)
  [FALSE] omission: Okay. And is the pain, is that, is it there all the time, or does it come and go? (come and go)
  [FALSE] omission: Come and go. Does the pain move anywhere else, for example towards your back? (back)
  [FALSE] omission: Okay, fine. And you mentioned you've been feeling quite weak and shaky as well. What do you mean by shaky? Do you mean you've been having, uh have you been feeling feverish, for example? (feeling feverish)
  [FALSE] omission: Um, yeah, it doesn't feel like -- yeah, it just makes me feel weak. I haven't had a fever, um, at the moment, but I did notice um a temperature when the symptoms started, so, um, yeah around about three or four days ago. (three or four days)
  [FALSE] omission: Okay. Okay. Any other symptoms like sweating, or um, night sweats? No? And, uh, any vomiting at all? (other symptoms)
  [FALSE] omission: Okay. Okay. Any other symptoms like sweating, or um, night sweats? No? And, uh, any vomiting at all? (night sweats)
  [FALSE] omission: Okay. Okay. Any other symptoms like sweating, or um, night sweats? No? And, uh, any vomiting at all? (sweating)
  [FALSE] omission: You stopped vomiting, okay. And was your vomit, I know it's not a nice thing to talk about, but was it just normal food colour Yeah. And there was no blood in your vomit, is that right? (food)
  [FALSE] omission: Yeah, yeah, just normal vomit, yeah. No no blood, no. Yeah. (no blood)
  [FALSE] omission: Yep. Um, I had a loss of appetite, um, so I haven't been eating as much, but I've been able to hold down fluids. (loss of appetite)
  [FALSE] omission: Yep. Um, I had a loss of appetite, um, so I haven't been eating as much, but I've been able to hold down fluids. (eating)
  [FALSE] omission: Okay, so you're drinking fluids. Um, what kind of foods have you managed to eat, if anything? (drinking)
  [FALSE] omission: Um, just soups, and, uh, yeah, light foods. Like smoothies and, yeah, liquid foods mainly. (liquid)
  [FALSE] omission: Um, just soups, and, uh, yeah, light foods. Like smoothies and, yeah, liquid foods mainly. (light)
  [FALSE] omission: Okay. Fine. Um, and sir these started three days ago the symptoms. Are you aware of any triggers which may have caused the symptoms uh to kick on. So for example, think like takeaway foods or eating out or being around other people with similar symptoms. (triggers)
  [FALSE] omission: Okay, okay. Fine. Um, alright. And uh, in terms of your , your overall health, are you normally fit and well? Or, uh (overall health)
  [FALSE] omission: Okay, okay. Fine. Um, alright. And uh, in terms of your , your overall health, are you normally fit and well? Or, uh (fit and well)
  [FALSE] omission: Okay. And, is your asthma well-controlled? (controlled)
  [FALSE] omission: Fine. And you don't have any other tummy problem, bowel problems I should be aware of? (bowel problems)
  [FALSE] omission: No, okay. Um, and apart from the inhalers, do you take any other medications? (other medications)
  [FALSE] omission: And do you drink much in the way of alcohol? (alcohol)
  [FALSE] omission: At this stage, uh, what, what we'd recommend is just what we say conservative management. So, um, I don't think you need anything like antibiotics. It's really just, um, making sure you're well hydrated, so drinking fluids. (antibiotics)
  [FALSE] omission: At this stage, uh, what, what we'd recommend is just what we say conservative management. So, um, I don't think you need anything like antibiotics. It's really just, um, making sure you're well hydrated, so drinking fluids. (hydrated)
  [FALSE] omission: Um, and if you are having vomiting diarrhea I would say recommend that in the first, you know, first couple of days. (vomiting diarrhea)
  [FALSE] omission: Because if it is ongoing then we have to wonder whether something else caused your symptoms. (something else)
  [FALSE] omission: Okay, and is uh is the treatment plan clear? (treatment)
  [FALSE] hallucination: 3/7 hx of diarrhea, mainly watery. No blood in stool. Opening bowels x6/day. Also vomiting - mainly bilous. No blood in vomit. Fever on first day, nil since. Has been feeling lethargic and weak since. Takeaway 4/7 ago - Chinese restaurant. Wife and children also unwell with vomiting, but no diarrhea. No other unwell contacts. PMH: Asthma (blood in stool)
  [FALSE] hallucination: 3/7 hx of diarrhea, mainly watery. No blood in stool. Opening bowels x6/day. Also vomiting - mainly bilous. No blood in vomit. Fever on first day, nil since. Has been feeling lethargic and weak since. Takeaway 4/7 ago - Chinese restaurant. Wife and children also unwell with vomiting, but no diarrhea. No other unwell contacts. PMH: Asthma (bowels)
  [FALSE] hallucination: SH: works as an accountant. Lives with wife and children. Affecting his ADLs as has to be near toilet often. Nil smoking/etOH hx (lives)
  [FALSE] hallucination: diarrhea (negated)
  [FALSE] hallucination: lives (affirmed)
  [FALSE] omission: lower (affirmed)
  [FALSE] omission: stools (negated)
  [FALSE] omission: back (affirmed)
  [FALSE] omission: food (affirmed)
  [FALSE] omission: feel weak (negated)
  [FALSE] omission: fever (negated)
  [FALSE] omission: stomach (affirmed)
  [FALSE] omission: come and go (affirmed)
  [FALSE] omission: other medications (affirmed)
  [FALSE] omission: bowel problems (negated)
  [FN] omission: Associated LLQ pain - crampy, intermittent, nil radiation.

prim10.txt
  [FALSE] omission: Uh, yeah it's been going on for a little bit longer than three days I think actually, maybe just under a week. Um. (burning pain: affirmed)
  [FALSE] omission: Uh, yeah it's been going on for a little bit longer than three days I think actually, maybe just under a week. Um. (pass urine: affirmed)
  [FALSE] omission: Uh, yeah it's been going on for a little bit longer than three days I think actually, maybe just under a week. Um. (maybe: affirmed)
  [FALSE] omission: Um, and yeah I notice a sort of burning, stinging, when I when I go to the toilet, yeah. (sort: affirmed)
  [FALSE] omission: Um, and yeah I notice a sort of burning, stinging, when I when I go to the toilet, yeah. (burning: affirmed)
  [FALSE] omission: Um, and yeah I notice a sort of burning, stinging, when I when I go to the toilet, yeah. (stinging: affirmed)
  [FALSE] omission: Yeah, I think just today . (blood: affirmed)
  [FALSE] omission: Um, I think it was probably but I don't know it was pink so. (probably: affirmed)
  [FALSE] omission: Yeah it's kind of at the bottom of my tummy, um, uh mainly when I go to the loo, I think that's when it's worse. (definitely: affirmed)
  [FALSE] omission: Yeah it's kind of at the bottom of my tummy, um, uh mainly when I go to the loo, I think that's when it's worse. (pain: affirmed)
  [FALSE] omission: Yeah it's kind of at the bottom of my tummy, um, uh mainly when I go to the loo, I think that's when it's worse. (worse: affirmed)
  [FALSE] omission: Uh I, I usually have a bit of problems with my bowels anyway, so I don't think it's any, different, from what it usually is. (usually: affirmed)
  [FALSE] omission: Um, I think I have, um, IBS, um, so I just kinda pass, uh, my bowels like quite, quite a lot. (pass: affirmed)
  [FALSE] omission: Uh yeah, uh I'm um on the pill. (contraception: affirmed)
  [FALSE] omission: Uh yeah, uh I'm um on the pill. (form: affirmed)
  [FALSE] omission: Uh yeah, uh I'm um on the pill. (pill: affirmed)
  [FALSE] omission: Uh, yeah, yeah eating drinking OK. Um, I did have one kinda concern I dunno (general health: affirmed)
  [FALSE] omission: Uh, yeah, yeah eating drinking OK. Um, I did have one kinda concern I dunno (drinking: affirmed)
  [FALSE] omission: Uh, yeah, yeah eating drinking OK. Um, I did have one kinda concern I dunno (eating: affirmed)
  [FALSE] omission: So I I smoked, uh this is quite bad, but I smoked weed for the first time. (weed: affirmed)
  [FALSE] omission: Uh, like a week and a half ago, I I just wondered whether it's related at all, probably not but I just thought I'd get some advice from you. (thought: affirmed)
  [FALSE] omission: Um, yeah I think there was an antibiotic, um, called Clindamycin mycin . (medications: affirmed)
  [FALSE] omission: Um, yeah I think there was an antibiotic, um, called Clindamycin mycin . (allergy: affirmed)
  [FALSE] omission: Um, yeah I think there was an antibiotic, um, called Clindamycin mycin . (antibiotic: affirmed)
  [FALSE] omission: Um, so I am living in halls at the moment, uh at uni um, so uh, uh, I'm just living with a flatmate I suppose, um. (living: affirmed)
  [FALSE] omission: Um, but yeah I, I completely agree it's not something I wanna get into on a regular basis. (completely agree: affirmed)
  [FALSE] omission: Um, but yeah I, I completely agree it's not something I wanna get into on a regular basis. (basis: negated)
  [FALSE] omission: But the fact that I, I I think it's, um, probably just a simple what we'd say a UTI or a cystitis, bladder infection. (cystitis: uncertain)
  [FALSE] omission: But the fact that I, I I think it's, um, probably just a simple what we'd say a UTI or a cystitis, bladder infection. (bladder infection: uncertain)
  [FALSE] omission: Uh, you know you haven't got any other symptoms that, suggest to me that there's anything to worry about, so things like fevers and back pain. (other symptoms: affirmed)
  [FALSE] omission: Uh, you know you haven't got any other symptoms that, suggest to me that there's anything to worry about, so things like fevers and back pain. (worry: negated)
  [FALSE] omission: Uh, you know you haven't got any other symptoms that, suggest to me that there's anything to worry about, so things like fevers and back pain. (and back pain: negated)
  [FALSE] omission: Um, so we've got a choice of two antibiotics something called Trimethoprim or, Nitrofurantoin which is a three day course. (trimethoprim: affirmed)
  [FALSE] omission: Um, start the antibiotics, make sure you're well hydrated, drink plenty of fluids. (hydrated: affirmed)
  [FALSE] omission: Either back pain, vomiting, great OK. (either: affirmed)
  [FALSE] omission: Either back pain, vomiting, great OK. (vomiting: affirmed)
  [FALSE] hallucination: 1/52 hx of dysuria, frequency and suprapubic pain. (dysuria: affirmed)
  [FALSE] hallucination: 1/52 hx of dysuria, frequency and suprapubic pain. (suprapubic pain: affirmed)
  [FALSE] hallucination: Noticed urine today was pink, nil frank haematuria. (frank haematuria: affirmed)
  [FALSE] hallucination: Suprapubic pain on PU - aching pain, nil radiating (aching pain: affirmed)
  [FALSE] hallucination: Nil nausea/vomiting (nausea/vomiting: affirmed)
  [FALSE] hallucination: Nil PV discharge. (discharge: affirmed)
  [TRUE] hallucination: Brief episode of haematuria, now resolved. (haematuria: negated)
  [FALSE] hallucination: Brief episode of haematuria, now resolved. (resolved: affirmed)
  [FALSE] hallucination: DH: COCP, mebeverine (mebeverine: affirmed)
  [FALSE] hallucination: SH: lives in student halls, nil smoking, social EtOH (etoh: affirmed)
  [FALSE] hallucination: Simple analgesia (analgesia: affirmed)
  [FALSE] status_flip: Uh, you know you haven't got any other symptoms that, suggest to me that there's anything to worry about, so things like fevers and back pain. Nil fevers (fevers: negated in transcript vs affirmed in SOAP note)
  [FALSE] omission: Right excellent, before I go any further, can I confirm your name and your age please? (your age)
  [FALSE] omission: Right excellent, before I go any further, can I confirm your name and your age please? (confirm)
  [FALSE] omission: Right OK. I'm sorry to hear there's a lot going on there and I can, see why it's affecting you. Um, so you mentioned it's been going on for last three days, mainly the burning pain when you pass urine. Um, you said you're going to the toilet more often as well, that right? (burning pain)
  [FALSE] omission: Right OK. I'm sorry to hear there's a lot going on there and I can, see why it's affecting you. Um, so you mentioned it's been going on for last three days, mainly the burning pain when you pass urine. Um, you said you're going to the toilet more often as well, that right? (pass urine)
  [FALSE] omission: Are you noticing any, anything in your urine, predominantly blood or um, discolouration of urine? (discolouration)
  [FALSE] omission: Are you noticing any, anything in your urine, predominantly blood or um, discolouration of urine? (blood)
  [FALSE] omission: OK. Um, fine we'll we'll have to definitely explore that in a little bit or detail later on. Um, you also mentioned some tummy pain as well, can you tell me a bit more about that pain? (definitely)
  [FALSE] omission: OK. Um, fine we'll we'll have to definitely explore that in a little bit or detail later on. Um, you also mentioned some tummy pain as well, can you tell me a bit more about that pain? (pain)
  [FALSE] omission: OK. Um, can you describe it crampy pain? Is it more of a burning pain? (crampy)
  [FALSE] omission: An aching pain, OK. And does the pain move anywhere else? Does it move towards your back? Towards your sides? (back)
  [FALSE] omission: OK, all right. Um, any other symptoms? Nausea? Vomiting? (other symptoms)
  [FALSE] omission: OK, all right. Um, any other symptoms? Nausea? Vomiting? (nausea)
  [FALSE] omission: OK, and um, have you noticed any other discharge from down below? So, from from the front passage? (passage)
  [FALSE] omission: OK. Have you, do you use any form of contraception? (contraception)
  [FALSE] omission: OK. Have you, do you use any form of contraception? (form)
  [FALSE] omission: What I'm trying get at is whether um, uh there's any chance you could be pregnant at all. Uh, I know you're on the pill, but um we're we, nonetheless we do have to ask. Um when was your last, when was your last period? (pregnant)
  [FALSE] omission: What I'm trying get at is whether um, uh there's any chance you could be pregnant at all. Uh, I know you're on the pill, but um we're we, nonetheless we do have to ask. Um when was your last, when was your last period? (period)
  [FALSE] omission: Fine, in terms of your general health otherwise at the moment are you, uh eating and drinking OK? (general health)
  [FALSE] omission: Fine, in terms of your general health otherwise at the moment are you, uh eating and drinking OK? (drinking)
  [FALSE] omission: Fine, in terms of your general health otherwise at the moment are you, uh eating and drinking OK? (eating)
  [FALSE] omission: But, uh, you know I do strongly advise you to you know, um, make it a regular habit if you can. Um, just for your, just for your general health moving forwards, OK? (moving)
  [FALSE] omission: Um, fine. Moving on, in terms of your health otherwise, do you have any other medical conditions , apart from the IBS, is there anything else I should be aware of? (other medical)
  [FALSE] omission: No, OK great. And what about any medications that you take on a regular basis, apart from the, um, combined pill? (medications)
  [FALSE] omission: No, OK great. And what about any medications that you take on a regular basis, apart from the, um, combined pill? (basis)
  [FALSE] omission: OK, and is that for the cramps, the crampy pain? (cramps)
  [FALSE] omission: Yeah OK, and do you have any allergy to any medications? (allergy)
  [FALSE] omission: Ritib, OK sure, I'll make a note of that. Um, in terms of family history, any history of problems with the bladder or the kidneys? (family history)
  [FALSE] omission: Ritib, OK sure, I'll make a note of that. Um, in terms of family history, any history of problems with the bladder or the kidneys? (bladder)
  [FALSE] omission: Ritib, OK sure, I'll make a note of that. Um, in terms of family history, any history of problems with the bladder or the kidneys? (kidneys)
  [FALSE] omission: Ritib, OK sure, I'll make a note of that. Um, in terms of family history, any history of problems with the bladder or the kidneys? (note)
  [FALSE] omission: Very good, very good, good. Um, in terms of smoking and alcohol, do you, do you participate in either? (alcohol)
  [FALSE] omission: Very good, very good, good. Um, in terms of smoking and alcohol, do you, do you participate in either? (either)
  [FALSE] omission: I kind of was a little bit tipsy so, probably wasn't thinking quite straight. Um, but yeah I, I completely agree it's not something I wanna get into on a regular basis. (completely agree)
  [FALSE] omission: Um, would be more worrying for me to hear. Um, so it's something we can treat quite readily with antibiotics. Um, so we've got a choice of two antibiotics something called Trimethoprim or, Nitrofurantoin which is a three day course. (trimethoprim)
  [FALSE] omission: Um, would be more worrying for me to hear. Um, so it's something we can treat quite readily with antibiotics. Um, so we've got a choice of two antibiotics something called Trimethoprim or, Nitrofurantoin which is a three day course. (antibiotics)
  [FALSE] omission: And see exactly what's going on there. Um, start the antibiotics, make sure you're well hydrated, drink plenty of fluids. (hydrated)
  [FALSE] omission: Um, if you are having some pain, simple Paracetamol, um, would probably be advisable. (paracetamol)
  [FALSE] omission: Um, we'll see what the urine sample shows. Um, and if it is indeed positive, we'll know which antibiotics are the right ones. (positive)
  [FALSE] omission: OK, do bear in mind those symptoms I mentioned about the fever and the back pain and vomiting. If you have any of those give me a call, OK? (call)
  [FALSE] hallucination: 1/52 hx of dysuria, frequency and suprapubic pain. Noticed urine today was pink, nil frank haematuria. Suprapubic pain on PU - aching pain, nil radiating (frank haematuria)
  [FALSE] hallucination: 1/52 hx of dysuria, frequency and suprapubic pain. Noticed urine today was pink, nil frank haematuria. Suprapubic pain on PU - aching pain, nil radiating (suprapubic pain)
  [FALSE] hallucination: 1/52 hx of dysuria, frequency and suprapubic pain. Noticed urine today was pink, nil frank haematuria. Suprapubic pain on PU - aching pain, nil radiating (dysuria)
  [FALSE] hallucination: Currently sexually active - long-term partner. Nil PV discharge. Brief episode of haematuria, now resolved. LMP 2/52 (haematuria)
  [FALSE] hallucination: Currently sexually active - long-term partner. Nil PV discharge. Brief episode of haematuria, now resolved. LMP 2/52 (resolved)
  [FALSE] hallucination: SH: lives in student halls, nil smoking, social EtOH (lives)
  [FALSE] hallucination: 4. Simple analgesia (analgesia)
  [FALSE] hallucination: lives (affirmed)
  [FALSE] hallucination: sexually active (affirmed)
  [FALSE] omission: kidneys (affirmed)
  [FALSE] omission: discolouration (affirmed)
  [FALSE] omission: antibiotics (affirmed)
  [FALSE] omission: crampy (affirmed)
  [FALSE] omission: basis (affirmed)
  [FALSE] omission: passage (affirmed)
  [FALSE] omission: confirm (affirmed)
  [FALSE] omission: moving (affirmed)
  [FALSE] omission: note (affirmed)
  [FALSE] omission: other medical (negated)
  [FALSE] omission: bladder (affirmed)
  [FALSE] omission: period (affirmed)
  [FALSE] omission: bladder infection (affirmed)
  [FALSE] omission: worrying (affirmed)
  [FALSE] omission: your age (affirmed)
  [FALSE] omission: family history (affirmed)
  [FALSE] omission: usually (negated)
  [FALSE] omission: pregnant (affirmed)
  [FALSE] omission: fevers (negated)
  [FALSE] omission: thinking (negated)
  [FALSE] omission: and back pain (affirmed)
  [FALSE] omission: cramps (affirmed)
  [FALSE] omission: cystitis (affirmed)
  [FALSE] omission: bowels (negated)
  [FALSE] hallucination: duration 7 day(s)
  [FALSE] hallucination: clindamycin: duration 14 day(s) (not found near this drug in transcript)
  [FALSE] hallucination: etoh: duration 3 day(s) (not found near this drug in transcript)
  FN - none

prim11.txt
  [FALSE] omission: Just connection on the screen. (screen: affirmed)
  [FALSE] omission: Um so I've just um, been having some troubles, basically in the uh, I guess it's been a little while now. And I've just been feeling not so great. And (your age: negated)
  [FALSE] omission: Um so I've just um, been having some troubles, basically in the uh, I guess it's been a little while now. And I've just been feeling not so great. And (confirm: negated)
  [FALSE] omission: Yeah it's just uh not, not been very pleasant. (pleasant: negated)
  [FALSE] omission: Um so I , I feel like it's like almost every hour, when I'm awake. (awake: affirmed)
  [FALSE] omission: Yeah, so I mean I'm , I'm trying to drink a lot of water. (water: affirmed)
  [FALSE] omission: So, yeah I mean that's, that's the , kind of the first sign. (sign: affirmed)
  [FALSE] omission: So I, I think it's maybe a (maybe: affirmed)
  [FALSE] omission: Um, yeah I definitely, I definitely feel kind of nauseous. Um (other symptoms: affirmed)
  [FALSE] omission: Um, yeah I definitely, I definitely feel kind of nauseous. Um (definitely: affirmed)
  [FALSE] omission: And when I like, I think it's maybe something to do with like, whenever I have like milk or something like that, I just feel like I want to vomit. (milk: affirmed)
  [FALSE] omission: Um so I, yeah I think I am pretty, I feel kind of really hot all the time. And uh I'm pretty sure I'm burning up. I haven't actually done any temperature reading, or anything like that. But it's, I, yeah I've, I've sure I'm, I'm not a, like not a normal temperature. (fevers: negated)
  [FALSE] omission: And uh I'm pretty sure I'm burning up. (burning: affirmed)
  [FALSE] omission: I haven't actually done any temperature reading, or anything like that. (reading: negated)
  [FALSE] omission: But it's, I, yeah I've, I've sure I'm, I'm not a, like not a normal temperature. (normal temperature: negated)
  [FALSE] omission: Um yeah a bit, I guess less frequently maybe. Um but yeah, it seems to be OK. (passing urine: affirmed)
  [FALSE] omission: Um yeah a bit, I guess less frequently maybe. Um but yeah, it seems to be OK. (hoarse: affirmed)
  [FALSE] omission: He, so he's been like this for five days. I think he's getting better, but I'm not, I'm not really sure. He said, he said he had, he's had something for a little while as well. (triggers: negated)
  [FALSE] omission: He, so he's been like this for five days. I think he's getting better, but I'm not, I'm not really sure. He said, he said he had, he's had something for a little while as well. (food: negated)
  [FALSE] omission: Um so, I had some, I mean I had some lunch today. Um (today: affirmed)
  [FALSE] omission: Um, so I um, yeah I think, I think otherwise I'm fit and well. I um (fit and well: affirmed)
  [FALSE] omission: So it could be anything from the mouth anus. (mouth: affirmed)
  [FALSE] omission: So it could be anything from the mouth anus. (anus: affirmed)
  [FALSE] omission: So um, from what I heard he's kind of, So I don't I don't speak to him that often. (speak: negated)
  [FALSE] omission: And I, I don't exactly know the full things of like the steps of cancer, and all that kind of thing. (cancer: negated)
  [FALSE] omission: But um, he's sort of in his third stage. (sort: affirmed)
  [FALSE] omission: Uh, I'm not sure what that means exactly. (not sure: affirmed)
  [FALSE] omission: Um I dislike um, taking time off work. (dislike: affirmed)
  [FALSE] omission: I'd, I'd just rather deal with these things. Um so (rather: affirmed)
  [FALSE] omission: So alcohol, um uh you know I might have a a beer during the weekdays, maybe uh not that many, maybe um . On Fridays I have more um alcohol um (alcohol: negated)
  [FALSE] omission: bit of a basic infection of your tummy. . (infection: affirmed)
  [FALSE] omission: There's nothing to worry about. (worry: affirmed)
  [FALSE] omission: Uh um uh uh I suspect this will just settle down in the next few days. (settle: affirmed)
  [FALSE] omission: fluid is probably best. (probably: affirmed)
  [FALSE] omission: But I am obviously worried about the fact that you are losing minerals and vitamins. (vitamins: uncertain)
  [FALSE] omission: You can use soft diet, things like soup, mash. (mash: affirmed)
  [FALSE] omission: Thank you very much. (very much: affirmed)
  [FALSE] hallucination: No blood in stools. (blood: negated)
  [FALSE] hallucination: No blood in stools. (stools: negated)
  [FALSE] hallucination: Feeling feverish, hot/cold (cold: affirmed)
  [FALSE] hallucination: Nil urinary sx - passing less urine . no weight loss. (urine: affirmed)
  [TRUE] hallucination: Urinary sx - noticed some pink coloured urine, no frank haematuria, nil dysuria. (frank haematuria: negated)
  [FALSE] hallucination: Urinary sx - noticed some pink coloured urine, no frank haematuria, nil dysuria. (dysuria: negated)
  [FALSE] status_flip: Um I I think it it , it feels pretty , like in the middle, to me. Not on any side, left or right. Assoc crampy abdo pain - central, intermittent, severity 6/10. (crampy: negated in transcript vs affirmed in SOAP note)
  [FALSE] status_flip: So um, Dan, just as a a conclusion, uh um, just to wrap it all up, I think your symptoms are suggestive of something called gastroenteritis. Imp: gastroenteritis (gastroenteritis: uncertain in transcript vs affirmed in SOAP note)
  [FALSE] omission: Uh, now before I go any further, can I confirm your name and your age? (your age)
  [FALSE] omission: Uh, now before I go any further, can I confirm your name and your age? (confirm)
  [FALSE] omission: Um so I've just um, been having some troubles, basically in the uh, I guess it's been a little while now. And I've just been feeling not so great. And (feeling)
  [FALSE] omission: Yeah it's just uh not, not been very pleasant. And like I just, it just kind of hasn't, doesn't feel like it's getting better. So (pleasant)
  [FALSE] omission: Yeah. I mean I, it, I feel, I feel a cramp. (cramp)
  [FALSE] omission: and then, and then I know it's time to go right? So, around every hour I just feel something come up. And then I have to go. So, yeah I mean that's, that's the , kind of the first sign. (sign)
  [FALSE] omission: OK. And does the pain come and go, or is it there constantly? (come and go)
  [FALSE] omission: What do you mean by, uh pain? So I, I think it's maybe a (maybe)
  [FALSE] omission: Is it, is this pain as in making you double over? Is it ten, is it ten out of ten, the worst pain you ever had? Or is it more of a kind of a mild pain, like a three out of ten? (mild pain)
  [FALSE] omission: solid six. OK, OK. Alright, good. Um, and apart from the pain and diarrhea, any other symptoms like nausea, vomiting? (other symptoms)
  [FALSE] omission: solid six. OK, OK. Alright, good. Um, and apart from the pain and diarrhea, any other symptoms like nausea, vomiting? (nausea)
  [FALSE] omission: Like I and, like I've have vomited. And when I like, I think it's maybe something to do with like, whenever I have like milk or something like that, I just feel like I want to vomit. And actually, yeah one time I just like had some milk, and I just completely vomited it. (vomit)
  [FALSE] omission: Like I and, like I've have vomited. And when I like, I think it's maybe something to do with like, whenever I have like milk or something like that, I just feel like I want to vomit. And actually, yeah one time I just like had some milk, and I just completely vomited it. (milk)
  [FALSE] omission: OK. OK, alright. Um, any other symptoms, like fevers or temperatures? (fevers)
  [FALSE] omission: Um so I, yeah I think I am pretty, I feel kind of really hot all the time. And uh I'm pretty sure I'm burning up. I haven't actually done any temperature reading, or anything like that. But it's, I, yeah I've, I've sure I'm, I'm not a, like not a normal temperature. (normal temperature)
  [FALSE] omission: Um so I, yeah I think I am pretty, I feel kind of really hot all the time. And uh I'm pretty sure I'm burning up. I haven't actually done any temperature reading, or anything like that. But it's, I, yeah I've, I've sure I'm, I'm not a, like not a normal temperature. (burning)
  [FALSE] omission: Um so I, yeah I think I am pretty, I feel kind of really hot all the time. And uh I'm pretty sure I'm burning up. I haven't actually done any temperature reading, or anything like that. But it's, I, yeah I've, I've sure I'm, I'm not a, like not a normal temperature. (reading)
  [FALSE] omission: OK, so you're feeling hoarse. OK. And in terms of your waterworks, are you passing urine OK? (passing urine)
  [FALSE] omission: OK, so you're feeling hoarse. OK. And in terms of your waterworks, are you passing urine OK? (hoarse)
  [FALSE] omission: OK, alright. Um, fine. And, and you said that, you mentioned, three days ago was when it all kicked off. Are you aware of any triggers? I mean, have you for example gone out, had some takeaway food? Have you been around anyone else, um with diarrhea, for example? (triggers)
  [FALSE] omission: OK, alright. Um, fine. And, and you said that, you mentioned, three days ago was when it all kicked off. Are you aware of any triggers? I mean, have you for example gone out, had some takeaway food? Have you been around anyone else, um with diarrhea, for example? (food)
  [FALSE] omission: OK, alright. Are you having anything to eat or drink? Have you, I can see you're drinking a coffee, but are you keeping it down? Are you keeping your fluids down? (drinking)
  [FALSE] omission: OK, alright. Um and and Dan, moving forwards, are you otherwise fit and well, or do you have any other medical history? (fit and well)
  [FALSE] omission: OK, alright. Um and and Dan, moving forwards, are you otherwise fit and well, or do you have any other medical history? (moving)
  [FALSE] omission: Yeah I mean I, I'm an OK weight. And um, I I can't think of any related medical history. (weight)
  [FALSE] omission: OK. And do you have any allergies to any medications? (medications)
  [FALSE] omission: OK. And do you have any allergies to any medications? (allergies)
  [FALSE] omission: OK. And what about any family history? Do you have any family history of bowel problems? (family history)
  [FALSE] omission: OK. And what about any family history? Do you have any family history of bowel problems? (bowel problems)
  [FALSE] omission: Um bowel, so would, would bowel like, is is the colon like something that (colon)
  [FALSE] omission: Yeah, yeah. So what I mean by bowel is the whole gut. So it could be anything from the mouth anus. (mouth)
  [FALSE] omission: Yeah, yeah. So what I mean by bowel is the whole gut. So it could be anything from the mouth anus. (anus)
  [FALSE] omission: So my, yeah my, my dad actually has um colon cancer at the moment. (colon cancer)
  [FALSE] omission: So um, from what I heard he's kind of, So I don't I don't speak to him that often. So I don't, I don't know the exact details. And I, I don't exactly know the full things of like the steps of cancer, and all that kind of thing. But um, he's sort of in his third stage. Uh, I'm not sure what that means exactly. (not sure)
  [FALSE] omission: So um, from what I heard he's kind of, So I don't I don't speak to him that often. So I don't, I don't know the exact details. And I, I don't exactly know the full things of like the steps of cancer, and all that kind of thing. But um, he's sort of in his third stage. Uh, I'm not sure what that means exactly. (cancer)
  [FALSE] omission: So um, from what I heard he's kind of, So I don't I don't speak to him that often. So I don't, I don't know the exact details. And I, I don't exactly know the full things of like the steps of cancer, and all that kind of thing. But um, he's sort of in his third stage. Uh, I'm not sure what that means exactly. (speak)
  [FALSE] omission: So um, from what I heard he's kind of, So I don't I don't speak to him that often. So I don't, I don't know the exact details. And I, I don't exactly know the full things of like the steps of cancer, and all that kind of thing. But um, he's sort of in his third stage. Uh, I'm not sure what that means exactly. (sort)
  [FALSE] omission: Going to work with all of this. Um I dislike um, taking time off work. I feel like I I just want to go, um when I can. So I I try and go um (dislike)
  [FALSE] omission: Yeah. I'd, I'd just rather deal with these things. Um so (rather)
  [FALSE] omission: , OK. So , OK right. And just a couple last final couple, uh couple questions. Uh, smoking and alcohol, do you do either? Do you smoke, or do you drink much in the way of alcohol? (alcohol)
  [FALSE] omission: , OK. So , OK right. And just a couple last final couple, uh couple questions. Uh, smoking and alcohol, do you do either? Do you smoke, or do you drink much in the way of alcohol? (either)
  [FALSE] omission: bit of a basic infection of your tummy. . There's nothing to worry about. Uh um uh uh I suspect this will just settle down in the next few days. (infection)
  [FALSE] omission: bit of a basic infection of your tummy. . There's nothing to worry about. Uh um uh uh I suspect this will just settle down in the next few days. (settle)
  [FALSE] omission: bit of a basic infection of your tummy. . There's nothing to worry about. Uh um uh uh I suspect this will just settle down in the next few days. (worry)
  [FALSE] omission: fluid is probably best. But I am obviously worried about the fact that you are losing minerals and vitamins. Um so, you can get things like Diarolyte, which is um, a fluid replacement you can get from the pharmacy. It's probably worth uh recommending that. (fluid replacement)
  [FALSE] omission: fluid is probably best. But I am obviously worried about the fact that you are losing minerals and vitamins. Um so, you can get things like Diarolyte, which is um, a fluid replacement you can get from the pharmacy. It's probably worth uh recommending that. (probably)
  [FALSE] omission: fluid is probably best. But I am obviously worried about the fact that you are losing minerals and vitamins. Um so, you can get things like Diarolyte, which is um, a fluid replacement you can get from the pharmacy. It's probably worth uh recommending that. (vitamins)
  [FALSE] omission: Um, you can try just you know regular Paracetamol if you are feeling feverish. But if your symptoms aren't settling down in the next couple of days, so forty eight hours, I want you to give me a call back. (call)
  [FALSE] omission: Um, you can try just you know regular Paracetamol if you are feeling feverish. But if your symptoms aren't settling down in the next couple of days, so forty eight hours, I want you to give me a call back. (back)
  [FALSE] omission: Because um, you know if you are getting dehydrated then we need to do further investigations, OK? But I think let's, let's see how you are in the next one to two days. (dehydrated)
  [FALSE] omission: And uh, we'll catch up soon, OK? (catch)
  [FALSE] omission: OK. So you're saying that I should, I could, uh I'll try and buy this Dioralyte. What, what should I do in terms of um, food and that kind of thing? Should I just focus on fluids? (dioralyte)
  [FALSE] omission: clear fluids. You can use soft diet, things like soup, mash. And then gradually build up, um as much as your body can tolerate. (mash)
  [FALSE] omission: Um, but let's try and keep yourself well-hydrated first, OK? (well-hydrated)
  [FALSE] omission: OK. Is it OK for me to carry on having like, um Paracetamol and things like that? (carry)
  [FALSE] omission: Alright. Thank you very much. Thanks, thanks for helping me out. (very much)
  [FALSE] hallucination: 3/7 hx of diarrhea - watery stools, opening bowels every hour. No blood in stools. Assoc crampy abdo pain - central, intermittent, severity 6/10. Feels nauseous, has vomited occasionally. Feeling feverish, hot/cold (assoc)
  [FALSE] hallucination: 3/7 hx of diarrhea - watery stools, opening bowels every hour. No blood in stools. Assoc crampy abdo pain - central, intermittent, severity 6/10. Feels nauseous, has vomited occasionally. Feeling feverish, hot/cold (cold)
  [FALSE] hallucination: Nil urinary sx - passing less urine . no weight loss. Brother also had similar sx - improving (weight loss)
  [FALSE] hallucination: Nil urinary sx - passing less urine . no weight loss. Brother also had similar sx - improving (urine)
  [FALSE] hallucination: SH: lives with sister and mum. Works in office. Nil smoking, social EtOH (lives)
  [FALSE] hallucination: 3. Urinary sx - noticed some pink coloured urine, no frank haematuria, nil dysuria. Encourage soft diet (frank haematuria)
  [FALSE] hallucination: 3. Urinary sx - noticed some pink coloured urine, no frank haematuria, nil dysuria. Encourage soft diet (dysuria)
  [FALSE] hallucination: weight loss (negated)
  [FALSE] hallucination: nauseous (affirmed)
  [FALSE] hallucination: lives (affirmed)
  [FALSE] hallucination: assoc (affirmed)
  [FALSE] omission: nauseous (negated)
  [FALSE] omission: definitely (negated)
  [FALSE] omission: worried (affirmed)
  [FALSE] omission: fit and well (negated)
  [FALSE] omission: weight (affirmed)
  [FALSE] omission: vitamins (affirmed)
  [FALSE] omission: vomiting (negated)
  [FALSE] omission: confirm (affirmed)
  [FALSE] omission: well-hydrated (affirmed)
  [FALSE] omission: moving (affirmed)
  [FALSE] omission: mild pain (affirmed)
  [FALSE] omission: feel (negated)
  [FALSE] omission: your age (affirmed)
  [FALSE] omission: family history (affirmed)
  [FALSE] omission: catch (affirmed)
  [FALSE] omission: feel (affirmed)
  [FALSE] omission: nausea (negated)
  [FALSE] omission: diarrhea (negated)
  [FALSE] omission: maybe (negated)
  [FALSE] omission: dioralyte (affirmed)
  [FALSE] omission: carry (affirmed)
  [FN] hallucination: inserted sentence from note 12: "Nil smoking, social EtOH

Imp: gastroenteritis 

Plan:
1."
  [FN] omission: Review in 48 hours, or earlier if worsening sx

prim12.txt
  [FALSE] omission: Yeah, so it's been a, very bad diarrhoea, so it keeps me like, I keep going back and forth, to, to the toilet very often. (very bad: affirmed)
  [FALSE] omission: Yeah, so it's been a, very bad diarrhoea, so it keeps me like, I keep going back and forth, to, to the toilet very often. (back: affirmed)
  [FALSE] omission: Yeah, so it's been a, very bad diarrhoea, so it keeps me like, I keep going back and forth, to, to the toilet very often. (very often: affirmed)
  [FALSE] omission: Yes, it's definitely, definitely watery, uh, loose stools, yeah. (definitely: affirmed)
  [FALSE] omission: Uh, not, not really, no. Uh, but I, I, I feel like, um, I can't, really drink too much, so I feel very dehydrated. (other symptoms: negated)
  [FALSE] omission: Uh, not much, not much. (not much: affirmed)
  [FALSE] omission: So just a little bit, but I don't feel, um, I don't really feel like, uh, I have appetite. (appetite: negated)
  [FALSE] omission: Uh, so, not, really I , I feel a little bit warm, um, probably at, at the beginning I was feeling I had a bit of temperature, but now I feel, I feel kind of fine. (probably: negated)
  [FALSE] omission: Yeah, just felt, like some nausea and I had to, to vomit, and then I had some diarrhoea, straight after that. (nausea: affirmed)
  [FALSE] omission: Um, so I, I do suffer of asthma. (suffer: affirmed)
  [FALSE] omission: Um, so, my father has, high uh, well used to have high blood pressure. (high: family history)
  [FALSE] omission: Um, so, my father has, high uh, well used to have high blood pressure. (used: family history)
  [FALSE] omission: Um, so, my father has, high uh, well used to have high blood pressure. (high blood pressure: family history)
  [FALSE] omission: having listened to your story, I think you're probably suffering from what we call gastroenteritis, uh which essentially is just a, a tummy bug. (call: uncertain)
  [FALSE] omission: It's an infection of your, your tummy. (infection: affirmed)
  [FALSE] omission: Really try and flush the toxins out of your body. (flush: affirmed)
  [FALSE] omission: Uh you can get things from the pharmacy, which is called Dioralyte, which can help replenish any uh minerals and vitamins you may have lost. (dioralyte: affirmed)
  [FALSE] omission: Uh you can get things from the pharmacy, which is called Dioralyte, which can help replenish any uh minerals and vitamins you may have lost. (vitamins: affirmed)
  [FALSE] omission: Uh, yeah I'll, I'll try to , and drink , drink plenty of fluid and I hope it go away. (hope: affirmed)
  [FALSE] hallucination: No blood in stools. (blood: negated)
  [FALSE] hallucination: Reduced oral intake. (reduced: affirmed)
  [FALSE] hallucination: No fever/temp, but feels warm. (temp: negated)
  [FALSE] hallucination: No headaches/muscle pain. (headaches: negated)
  [FALSE] hallucination: No headaches/muscle pain. (muscle pain: negated)
  [FALSE] hallucination: DH: salbutamol PRN (salbutamol: affirmed)
  [FALSE] hallucination: Nil smoking, social EtOH (etoh: affirmed)
  [FALSE] status_flip: Yes, it's definitely, definitely watery, uh, loose stools, yeah. No blood in stools. (stools: affirmed in transcript vs negated in SOAP note)
  [FALSE] status_flip: Uh, so, not, really I , I feel a little bit warm, um, probably at, at the beginning I was feeling I had a bit of temperature, but now I feel, I feel kind of fine. No fever/temp, but feels warm. (feels warm: negated in transcript vs affirmed in SOAP note)
  [FALSE] status_flip: having listened to your story, I think you're probably suffering from what we call gastroenteritis, uh which essentially is just a, a tummy bug. Imp: gastroenteritis (gastroenteritis: uncertain in transcript vs affirmed in SOAP note)
  [FALSE] omission: Can you hear me OK? Great. Hello there. Um, before I go any further, can I confirm you name and your age please? (your age)
  [FALSE] omission: Can you hear me OK? Great. Hello there. Um, before I go any further, can I confirm you name and your age please? (confirm)
  [FALSE] omission: OK. And uh uh uh with the diarrhea have you noticed any other symptoms, like tummy pain? (other symptoms)
  [FALSE] omission: Uh, not, not really, no. Uh, but I, I, I feel like, um, I can't, really drink too much, so I feel very dehydrated. (drink too much)
  [FALSE] omission: Uh, not, not really, no. Uh, but I, I, I feel like, um, I can't, really drink too much, so I feel very dehydrated. (feel)
  [FALSE] omission: Uh, not much, not much. So just a little bit, but I don't feel, um, I don't really feel like, uh, I have appetite. (not much)
  [FALSE] omission: Uh, not much, not much. So just a little bit, but I don't feel, um, I don't really feel like, uh, I have appetite. (appetite)
  [FALSE] omission: Yeah, just felt, like some nausea and I had to, to vomit, and then I had some diarrhoea, straight after that. (vomit)
  [FALSE] omission: Yeah. Did you have any takeaway food, or any dodgy restaurant food? (food)
  [FALSE] omission: OK. OK. Um, right. So moving on, um are you otherwise fit and well? (fit and well)
  [FALSE] omission: OK. OK. Um, right. So moving on, um are you otherwise fit and well? (moving)
  [FALSE] omission: Uh OK. And do you take any regular medications? (medications)
  [FALSE] omission: Um, so I, I do suffer of asthma. So, I do have my inhalers, uh, that I you know, I need, I use infrequently, let's say only when I have, uh, a bit of . (suffer)
  [FALSE] omission: Is that the blue inhaler? Blue inhaler. OK, alright. Any other medications that you take? (other medications)
  [FALSE] omission: Is that the blue inhaler? Blue inhaler. OK, alright. Any other medications that you take? (blue)
  [FALSE] omission: OK. Do you have any allergies to medications? (allergies)
  [FALSE] omission: OK. And any family history of any medical problems? (family history)
  [FALSE] omission: Um, so, my father has, high uh, well used to have high blood pressure. He actually, so he actually died, of, bowel cancer, like ten years ago. (high blood pressure)
  [FALSE] omission: Um, so, my father has, high uh, well used to have high blood pressure. He actually, so he actually died, of, bowel cancer, like ten years ago. (bowel cancer)
  [FALSE] omission: Um, so, my father has, high uh, well used to have high blood pressure. He actually, so he actually died, of, bowel cancer, like ten years ago. (used)
  [FALSE] omission: Ohh yes, so uh, probably is worth mentioning uh, she has diabetes. (diabetes)
  [FALSE] omission: Fine. And um, just a little bit more about your life in general, sir. Um who, who's at home with you? Who lives at home with you? (lives)
  [FALSE] omission: OK, alright. And just the last couple of questions with, regarding your smoking and alcohol. Do you do either of those? (alcohol)
  [FALSE] omission: OK, alright. And just the last couple of questions with, regarding your smoking and alcohol. Do you do either of those? (either)
  [FALSE] omission: having listened to your story, I think you're probably suffering from what we call gastroenteritis, uh which essentially is just a, a tummy bug. It's an infection of your, your tummy. Um and normally lasts about three to five days, and gets better. (infection)
  [FALSE] omission: having listened to your story, I think you're probably suffering from what we call gastroenteritis, uh which essentially is just a, a tummy bug. It's an infection of your, your tummy. Um and normally lasts about three to five days, and gets better. (call)
  [FALSE] omission: the things you can do to really help yourself get better soon, um are you can drink plenty of fluids. Really try and flush the toxins out of your body. (flush)
  [FALSE] omission: Uh you can get things from the pharmacy, which is called Dioralyte, which can help replenish any uh minerals and vitamins you may have lost. Uh, it's called Dioralyte. Um it's, it's a, it's a type of fluid replacement drink. (fluid replacement)
  [FALSE] omission: Uh you can get things from the pharmacy, which is called Dioralyte, which can help replenish any uh minerals and vitamins you may have lost. Uh, it's called Dioralyte. Um it's, it's a, it's a type of fluid replacement drink. (dioralyte)
  [FALSE] omission: Uh you can get things from the pharmacy, which is called Dioralyte, which can help replenish any uh minerals and vitamins you may have lost. Uh, it's called Dioralyte. Um it's, it's a, it's a type of fluid replacement drink. (vitamins)
  [FALSE] omission: Um, you can take some Paracetamol if you're feeling feverish and weak. (feeling feverish)
  [FALSE] omission: normally you have to be diarrhea-free for about twenty four to forty eight hours, before you return back to work. (back to work)
  [FALSE] omission: Um, no I think that's fine. Uh, yeah I'll, I'll try to , and drink , drink plenty of fluid and I hope it go away. Uh, if it doesn't I'll uh, I'll call, I'll call back. Is that OK? (hope)
  [FALSE] hallucination: 3/7 hx ago developed vomiting. Has now developed diarrhea - 5-6x/day. Watery/loose stools. No blood in stools. No abdo pain. Reduced oral intake. Not drinking sufficient fluids. Feels dehydrated. No fever/temp, but feels warm. Feels weak. No headaches/muscle pain. Unaware of triggers. No unwell contacts (drinking)
  [FALSE] hallucination: 3/7 hx ago developed vomiting. Has now developed diarrhea - 5-6x/day. Watery/loose stools. No blood in stools. No abdo pain. Reduced oral intake. Not drinking sufficient fluids. Feels dehydrated. No fever/temp, but feels warm. Feels weak. No headaches/muscle pain. Unaware of triggers. No unwell contacts (reduced)
  [FALSE] hallucination: 3/7 hx ago developed vomiting. Has now developed diarrhea - 5-6x/day. Watery/loose stools. No blood in stools. No abdo pain. Reduced oral intake. Not drinking sufficient fluids. Feels dehydrated. No fever/temp, but feels warm. Feels weak. No headaches/muscle pain. Unaware of triggers. No unwell contacts (temp)
  [FALSE] hallucination: FH: father - HTN, died of bowel Ca. mother - diabetes Type 2 (diabetes type 2)
  [FALSE] hallucination: FH: father - HTN, died of bowel Ca. mother - diabetes Type 2 (bowel)
  [TRUE] hallucination: 4. Works in office. Review in 3-5d INB, or earlier if worsening sx (diarrhea, vomiting, abdo pain, reduced oral intake) Now developed a cough -mainly dry, constant. (cough)
  [FALSE] hallucination: feels warm (affirmed)
  [FALSE] hallucination: stools (negated)
  [FALSE] hallucination: fluids (negated)
  [FALSE] omission: medications (negated)
  [FALSE] omission: feeling (negated)
  [FALSE] omission: probably (affirmed)
  [FALSE] omission: suffering (affirmed)
  [FALSE] omission: either (affirmed)
  [FALSE] omission: blood (affirmed)
  [FALSE] omission: muscle pains (affirmed)
  [FALSE] omission: headaches (affirmed)
  [FALSE] omission: warm (negated)
  [FALSE] omission: confirm (affirmed)
  [FALSE] omission: family history (negated)
  [FALSE] omission: medications (affirmed)
  [FALSE] omission: feeling (affirmed)
  [FALSE] omission: moving (affirmed)
  [FALSE] omission: high blood pressure (negated)
  [FALSE] omission: feel (negated)
  [FALSE] omission: fit and well (affirmed)
  [FALSE] omission: food (affirmed)
  [FALSE] omission: allergies (negated)
  [FALSE] omission: your age (affirmed)
  [FALSE] omission: call (affirmed)
  [FALSE] omission: stools (affirmed)
  [FALSE] omission: high (negated)
  [FALSE] omission: blue (affirmed)
  [FALSE] omission: other symptoms (affirmed)
  [FALSE] omission: feel (affirmed)
  [FALSE] omission: diarrhea (negated)
  [FALSE] omission: used (negated)
  [FALSE] omission: dehydrated (negated)
  [FN] hallucination: inserted sentence from note 11: "Works in office."
  [FN] omission: Appetite reduced.

prim13.txt
  [FALSE] omission: Eh, around three days ago, maybe. (maybe: affirmed)
  [FALSE] omission: Ohh it's probably a eight. (probably: affirmed)
  [FALSE] omission: And then I was thinking OK, maybe I'll just go to sleep. (thinking: affirmed)
  [FALSE] omission: And then I was thinking OK, maybe I'll just go to sleep. (sleep: affirmed)
  [FALSE] omission: And when I woke up the next morning like, it was even, even worse basically. So (worse: affirmed)
  [FALSE] omission: Not really, but just when it started, I I got this like weird shooting lights. And like now like light is quite annoying, my eyes. (vision: negated)
  [FALSE] omission: And like now like light is quite annoying, my eyes. (light: affirmed)
  [FALSE] omission: And like now like light is quite annoying, my eyes. (eyes: affirmed)
  [FALSE] omission: Um, well I'm like basically, I I'm sick with the headache. (sick: affirmed)
  [FALSE] omission: But, usually after I I take uh Ibuprofen it kind of goes away. (usually: affirmed)
  [FALSE] omission: Yeah, I think so. It's just the headache. (fit and well: affirmed)
  [FALSE] omission: Like it's kind of, it's very rare. (very rare: affirmed)
  [FALSE] omission: Um I had to like reduce the uh, brightness of my screen. (screen: affirmed)
  [FALSE] omission: Not really. Um at first I thought it's stress, or maybe I didn't drink enough water. Because sometimes when I don't drink enough water, I I like get headaches. Um (ideas: negated)
  [FALSE] omission: Not really. Um at first I thought it's stress, or maybe I didn't drink enough water. Because sometimes when I don't drink enough water, I I like get headaches. Um (read: negated)
  [FALSE] omission: Um at first I thought it's stress, or maybe I didn't drink enough water. (i didn't drink: negated)
  [FALSE] omission: Um at first I thought it's stress, or maybe I didn't drink enough water. (water: negated)
  [FALSE] omission: And I'm like worried, it's, I don't want it to be a migraine. (worried: affirmed)
  [FALSE] omission: Yeah maybe just kinda, if you have any recommendations of that I can take something stronger. Because apparently, Ibuprofen doesn't help me. Uh (hoping: affirmed)
  [FALSE] omission: Yeah maybe just kinda, if you have any recommendations of that I can take something stronger. Because apparently, Ibuprofen doesn't help me. Uh (today: affirmed)
  [FALSE] omission: Usually it gets resolved if I have headache in like, after like one or two days. (resolved: affirmed)
  [FALSE] omission: But currently it, it didn't help me. (didn't help: negated)
  [FALSE] omission: But it's certainly worth treating it today stronger analgesia or painkillers. (analgesia: affirmed)
  [FALSE] omission: But it's certainly worth treating it today stronger analgesia or painkillers. (painkillers: affirmed)
  [FALSE] omission: Um, now moving forward, we have some options which we can discuss. (moving: affirmed)
  [FALSE] omission: Now, my only worry is, I'm not sure whether you're taking, the correct dose. (not sure: affirmed)
  [FALSE] omission: So, so , there's definitely room for, improvement there. (definitely: affirmed)
  [FALSE] omission: Or, I can prescribe you something stronger, like Naproxen, which is another anti-inflammatory, which can be helpful. (naproxen: affirmed)
  [FALSE] omission: Or, I can prescribe you something stronger, like Naproxen, which is another anti-inflammatory, which can be helpful. (anti-inflammatory: affirmed)
  [FALSE] omission: Um, we can also add in other, painkillers like, Paracetamol, or Codeine. (paracetamol: affirmed)
  [FALSE] omission: Um, we can also add in other, painkillers like, Paracetamol, or Codeine. (codeine: affirmed)
  [FALSE] omission: And, and, you know I'd like you to come back and see me, in about uh, a week's time, week to two weeks' time. (back: affirmed)
  [FALSE] omission: We can think about giving you medications as, prophylactic. (medications: affirmed)
  [FALSE] omission: Which basically means, medications to stop you from having these headaches on a regular basis. (basis: affirmed)
  [FALSE] omission: But we can have that discussion next time. (discussion: affirmed)
  [FALSE] omission: Just give me a call, and come back and see me. (call: affirmed)
  [FALSE] hallucination: Constant, severity 8/10, dull ache with associated sharp pain, gradual onset. (ache: affirmed)
  [FALSE] hallucination: Constant, severity 8/10, dull ache with associated sharp pain, gradual onset. (sharp pain: affirmed)
  [TRUE] hallucination: Occasional smoker/etOH. Progressively worsening. Has tried ibuprofen with limited relief. (occasional smoker: affirmed)
  [FALSE] hallucination: Occasional smoker/etOH. Progressively worsening. Has tried ibuprofen with limited relief. (etoh: affirmed)
  [FALSE] hallucination: Occasional smoker/etOH. Progressively worsening. Has tried ibuprofen with limited relief. (relief: affirmed)
  [FALSE] hallucination: Visual aura prior to headaches. (visual aura: affirmed)
  [FALSE] hallucination: Some photophobia. (photophobia: affirmed)
  [FALSE] hallucination: No neck pain / stiffness (neck pain: negated)
  [FALSE] hallucination: No neck pain / stiffness (stiffness: negated)
  [FALSE] hallucination: No speech disturbances (speech disturbances: negated)
  [FALSE] hallucination: No arm or leg weakness (leg weakness: negated)
  [FALSE] hallucination: No fevers (fevers: negated)
  [FALSE] hallucination: No rashes (rashes: negated)
  [FALSE] hallucination: SH: lives with housemates, works in IT, wears glasses, denies stress. (wears glasses: affirmed)
  [FALSE] hallucination: ICE: ? related to stress / dehydration. (dehydration: affirmed)
  [FALSE] status_flip: Yeah I mean, headaches, you mean. No head injury (head injury: affirmed in transcript vs negated in SOAP note)
  [FALSE] omission: Hello there. Um, thanks for, thanks for, being here. Um, before I go any further, can I uh, confirm your name and your age please? (your age)
  [FALSE] omission: Hello there. Um, thanks for, thanks for, being here. Um, before I go any further, can I uh, confirm your name and your age please? (confirm)
  [FALSE] omission: Three days ago, OK. And whereabout in your head, is this pain? (pain)
  [FALSE] omission: , OK. Um, and is the, headache there all the time, or does it come and go? (come and go)
  [FALSE] omission: Eight. And if I was to ask you describe the headache to me, um, in terms of the nature of the pain. Is it sharp? Is it dull? Is it crampy? Is it throbbing? (crampy)
  [FALSE] omission: Eight. And if I was to ask you describe the headache to me, um, in terms of the nature of the pain. Is it sharp? Is it dull? Is it crampy? Is it throbbing? (sharp)
  [FALSE] omission: And by the end of the day it was like pretty, pretty, like it was a lot, basically. And then I was thinking OK, maybe I'll just go to sleep. And when I woke up the next morning like, it was even, even worse basically. So (thinking)
  [FALSE] omission: And by the end of the day it was like pretty, pretty, like it was a lot, basically. And then I was thinking OK, maybe I'll just go to sleep. And when I woke up the next morning like, it was even, even worse basically. So (sleep)
  [FALSE] omission: And by the end of the day it was like pretty, pretty, like it was a lot, basically. And then I was thinking OK, maybe I'll just go to sleep. And when I woke up the next morning like, it was even, even worse basically. So (worse)
  [FALSE] omission: OK, all right. And except for the headaches, any other symptoms at all? (other symptoms)
  [FALSE] omission: So, example any, problems your eyesight or your vision? (vision)
  [FALSE] omission: Not really, but just when it started, I I got this like weird shooting lights. And like now like light is quite annoying, my eyes. (light)
  [FALSE] omission: Not really, but just when it started, I I got this like weird shooting lights. And like now like light is quite annoying, my eyes. (eyes)
  [FALSE] omission: So when you say annoying, does it hurt to look, uh, look at bright lights? (bright)
  [FALSE] omission: , OK. And um, have you had any loss of vision or blurry vision? (loss of vision)
  [FALSE] omission: , OK. And um, have you had any loss of vision or blurry vision? (blurry vision)
  [FALSE] omission: Mmm, , OK. Any nausea or any vomiting? (nausea or vomiting)
  [FALSE] omission: Um, well I'm like basically, I I'm sick with the headache. But I, no vomiting. (sick)
  [FALSE] omission: When you say sick, you mean you feel sick? OK. Yeah, no vomiting, OK. Any neck pain or neck stiffness? (neck stiffness)
  [FALSE] omission: When you say sick, you mean you feel sick? OK. Yeah, no vomiting, OK. Any neck pain or neck stiffness? (feel sick)
  [FALSE] omission: OK. And any difficulty with speaking or, um, speech? (difficulty)
  [FALSE] omission: OK. And any difficulty with speaking or, um, speech? (speech)
  [FALSE] omission: Any difficulty , with weakness in your arms and legs? (arms and legs)
  [FALSE] omission: Any difficulty , with weakness in your arms and legs? (weakness)
  [FALSE] omission: Yeah. I mean I had. But, usually after I I take uh Ibuprofen it kind of goes away. So, but this time it's just not. . (usually)
  [FALSE] omission: Any rashes at all, on your skin? (skin)
  [FALSE] omission: OK. And just moving forwards. Are you otherwise fit and well, Adriana? (fit and well)
  [FALSE] omission: OK. And just moving forwards. Are you otherwise fit and well, Adriana? (moving)
  [FALSE] omission: OK. Um, fine. I'll ask you a bit more about that in just a second. Before I go any further, can I ask, do you take any regular medication? (medication)
  [FALSE] omission: Are you on the pill? (pill)
  [FALSE] omission: OK. Do you have any allergies to any medications? (medications)
  [FALSE] omission: OK. Do you have any allergies to any medications? (allergies)
  [FALSE] omission: Are they, is that normally well-controlled or are they um, having difficulty, controlling their symptoms? (controlling)
  [FALSE] omission: Are they, is that normally well-controlled or are they um, having difficulty, controlling their symptoms? (controlled)
  [FALSE] omission: Um so my sister's, like better. Like it's kind of, it's very rare. But my mom's is like quite bad, um usually when there's like a season changing and stuff like that. It's, yeah. (very rare)
  [FALSE] omission: Yeah so I work, well I work in IT. So I work with computers a lot. So it kind of is difficult to focus. Um I had to like reduce the uh, brightness of my screen. (screen)
  [FALSE] omission: OK, all right. Something for you to bear in mind if you feel that you are, your eyes are straining. Um I would always recommend having a repeat eye test done. Um, have you been feeling more stressed or anxious at work recently? (feeling)
  [FALSE] omission: OK, all right. Something for you to bear in mind if you feel that you are, your eyes are straining. Um I would always recommend having a repeat eye test done. Um, have you been feeling more stressed or anxious at work recently? (anxious)
  [FALSE] omission: OK, all right. Great. Um, regarding smoking or alcohol. Do you drink or smoke at all? (alcohol)
  [FALSE] omission: Right. Now um, Adriana, do you have any ideas as to what could be causing your symptoms? Have you, have you read anything online, or spoken to people? (ideas)
  [FALSE] omission: Right. Now um, Adriana, do you have any ideas as to what could be causing your symptoms? Have you, have you read anything online, or spoken to people? (read)
  [FALSE] omission: Not really. Um at first I thought it's stress, or maybe I didn't drink enough water. Because sometimes when I don't drink enough water, I I like get headaches. Um (i didn't drink)
  [FALSE] omission: Not really. Um at first I thought it's stress, or maybe I didn't drink enough water. Because sometimes when I don't drink enough water, I I like get headaches. Um (water)
  [FALSE] omission: But, I don't think that's it. And I'm like worried, it's, I don't want it to be a migraine. Because I know what it's like, from my mom and my sister. (worried)
  [FALSE] omission: OK. Is it anything in particular you were hoping I could do for you today? (hoping)
  [FALSE] omission: OK. Is it anything in particular you were hoping I could do for you today? (today)
  [FALSE] omission: Usually it gets resolved if I have headache in like, after like one or two days. But currently it, it didn't help me. (one or two days)
  [FALSE] omission: Usually it gets resolved if I have headache in like, after like one or two days. But currently it, it didn't help me. (didn't help)
  [FALSE] omission: Usually it gets resolved if I have headache in like, after like one or two days. But currently it, it didn't help me. (resolved)
  [FALSE] omission: Um, now I'm not saying it's gonna, keep happening, but, it may just be a one-off. But it's certainly worth treating it today stronger analgesia or painkillers. (painkillers)
  [FALSE] omission: Um, now I'm not saying it's gonna, keep happening, but, it may just be a one-off. But it's certainly worth treating it today stronger analgesia or painkillers. (analgesia)
  [FALSE] omission: Um, now moving forward, we have some options which we can discuss. Uh, you tried the Ibuprofen. Now, my only worry is, I'm not sure whether you're taking, the correct dose. You can take up to two tablets, three times a day. (not sure)
  [FALSE] omission: So, so , there's definitely room for, improvement there. Or, I can prescribe you something stronger, like Naproxen, which is another anti-inflammatory, which can be helpful. (anti-inflammatory)
  [FALSE] omission: So, so , there's definitely room for, improvement there. Or, I can prescribe you something stronger, like Naproxen, which is another anti-inflammatory, which can be helpful. (definitely)
  [FALSE] omission: So, so , there's definitely room for, improvement there. Or, I can prescribe you something stronger, like Naproxen, which is another anti-inflammatory, which can be helpful. (naproxen)
  [FALSE] omission: Um, we can also add in other, painkillers like, Paracetamol, or Codeine. Which might be helpful as well. (paracetamol)
  [FALSE] omission: Um, we can also add in other, painkillers like, Paracetamol, or Codeine. Which might be helpful as well. (codeine)
  [FALSE] omission: OK. And I think it's , certainly worth looking into that, so I can give you a , prescription for that today. Um, with regards to um, the next few days. It may be worth keeping a headache diary so we can try and work out what's, you know, if there's any triggers which could be causing your headaches to become worse. (triggers)
  [FALSE] omission: If you are having , more frequent episodes of these type of headaches. We can think about giving you medications as, prophylactic. Which basically means, medications to stop you from having these headaches on a regular basis. But we can have that discussion next time. (discussion)
  [FALSE] omission: If you are having , more frequent episodes of these type of headaches. We can think about giving you medications as, prophylactic. Which basically means, medications to stop you from having these headaches on a regular basis. But we can have that discussion next time. (basis)
  [FALSE] omission: OK. In the meantime if your headaches aren't getting any better, or they're getting worse. Um, you know, I want you to give me a call, or come back and see me sooner. OK? (call)
  [FALSE] omission: So, if you're having any problems with your vision, or weakness in your arms and legs, or you're just not feeling very well. Just give me a call, and come back and see me. (very well)
  [FALSE] hallucination: 3/7 hx developed headache-all over of my head and mainly over right eye. Constant, severity 8/10, dull ache with associated sharp pain, gradual onset. Occasional smoker/etOH. Progressively worsening. Has tried ibuprofen with limited relief. No visual sx (occasional smoker)
  [FALSE] hallucination: 3/7 hx developed headache-all over of my head and mainly over right eye. Constant, severity 8/10, dull ache with associated sharp pain, gradual onset. Occasional smoker/etOH. Progressively worsening. Has tried ibuprofen with limited relief. No visual sx (sharp pain)
  [FALSE] hallucination: 3/7 hx developed headache-all over of my head and mainly over right eye. Constant, severity 8/10, dull ache with associated sharp pain, gradual onset. Occasional smoker/etOH. Progressively worsening. Has tried ibuprofen with limited relief. No visual sx (relief)
  [FALSE] hallucination: 3/7 hx developed headache-all over of my head and mainly over right eye. Constant, severity 8/10, dull ache with associated sharp pain, gradual onset. Occasional smoker/etOH. Progressively worsening. Has tried ibuprofen with limited relief. No visual sx (ache)
  [FALSE] hallucination: Visual aura prior to headaches. Some photophobia. Feels nauseous, no vomiting (visual aura)
  [FALSE] hallucination: Visual aura prior to headaches. Some photophobia. Feels nauseous, no vomiting (photophobia)
  [FALSE] hallucination: SH: lives with housemates, works in IT, wears glasses, denies stress. Socially smoke / EtOH (wears glasses)
  [FALSE] hallucination: ICE: ? related to stress / dehydration. Concerned about migraines. SOB: migraines (dehydration)
  [FALSE] hallucination: 4. Patient aware of red flag sx-knows to seek urgent medical attention if present (attention)
  [FALSE] hallucination: 4. Patient aware of red flag sx-knows to seek urgent medical attention if present (present)
  [FALSE] hallucination: 4. Patient aware of red flag sx-knows to seek urgent medical attention if present (flag)
  [FALSE] hallucination: present (affirmed)
  [FALSE] hallucination: flag (affirmed)
  [FALSE] hallucination: attention (affirmed)
  [FALSE] hallucination: head injury (negated)
  [FALSE] hallucination: patient (affirmed)
  [FALSE] hallucination: stress (negated)
  [FALSE] hallucination: visual aura (negated)
  [FALSE] omission: fevers (affirmed)
  [FALSE] omission: skin (affirmed)
  [FALSE] omission: confirm (affirmed)
  [FALSE] omission: migraine (negated)
  [FALSE] omission: read (affirmed)
  [FALSE] omission: probably (negated)
  [FALSE] omission: other symptoms (affirmed)
  [FALSE] omission: history (affirmed)
  [FALSE] omission: head injuries (affirmed)
  [FALSE] omission: difficulty (affirmed)
  [FALSE] omission: controlling (affirmed)
  [FALSE] omission: arms and legs (negated)
  [FALSE] omission: come and go (affirmed)
  [FALSE] omission: anxious (affirmed)
  [FALSE] omission: loss of vision (affirmed)
  [FALSE] omission: blurry vision (affirmed)
  [FALSE] omission: rashes (affirmed)
  [FALSE] omission: controlled (affirmed)
  [FALSE] omission: feeling (affirmed)
  [FALSE] omission: thought (affirmed)
  [FALSE] omission: weakness (negated)
  [FALSE] omission: pill (affirmed)
  [FALSE] omission: worry (affirmed)
  [FALSE] omission: bright (affirmed)
  [FALSE] omission: your age (affirmed)
  [FALSE] omission: medication (affirmed)
  [FALSE] omission: pain (affirmed)
  [FALSE] omission: allergies (affirmed)
  [FALSE] omission: difficulty (negated)
  [FALSE] hallucination: duration 7 day(s)
  [FN] omission: Paracetamol/NSAIDs regular 
2.

prim14.txt
  [FALSE] omission: Well I've just been having this like, cough, for quite a few days. And my nose is running. Um and it's just been super annoying, and it's not going away. (confirm: negated)
  [FALSE] omission: Well I've just been having this like, cough, for quite a few days. And my nose is running. Um and it's just been super annoying, and it's not going away. (date: negated)
  [FALSE] omission: And my nose is running. (nose: affirmed)
  [FALSE] omission: Uh I think it started like maybe, a bit less than a week ago. (maybe: affirmed)
  [FALSE] omission: Um you're not bringing up any uh, mucky phlegm or anything like that. (phlegm: negated)
  [FALSE] omission: You know just, just my throat is irritated from coughing. (throat: affirmed)
  [FALSE] omission: No.They feel OK, actually. Yeah. . Nothing, nothing on the ears. (blocked: negated)
  [FALSE] omission: No.They feel OK, actually. Yeah. . Nothing, nothing on the ears. (ears: negated)
  [FALSE] omission: Um, I don't think so. Like, I guess I get laboured when I'm coughing and I can't breathe. But I, not, yeah, not, I, I don't think so. Not really. (breathing: negated)
  [FALSE] omission: Um, I don't think so. Like, I guess I get laboured when I'm coughing and I can't breathe. But I, not, yeah, not, I, I don't think so. Not really. (labored: negated)
  [FALSE] omission: I don't feel restless. No, I feel you know, generally tired. (breathless: negated)
  [FALSE] omission: I don't feel restless. (feel restless: affirmed)
  [FALSE] omission: Um I've been having like, like shivers, even when I'm in, when I'm in bed. (shivers: affirmed)
  [FALSE] omission: You know like, when you, when you go to sleep and, and you feel like I I should be warm. (sleep: affirmed)
  [FALSE] omission: You know like, when you, when you go to sleep and, and you feel like I I should be warm. (warm: affirmed)
  [FALSE] omission: But it feels like I probably did. 'Cause I was just, I was next to my boyfriend. (probably: affirmed)
  [FALSE] omission: And he was completely warm and totally fine. (totally: affirmed)
  [FALSE] omission: I just like, my stomach wasn't feeling great. (stomach: affirmed)
  [FALSE] omission: So I thought everything would be fine. (thought: affirmed)
  [FALSE] omission: Uh your your waterworks, your urine. (urine: affirmed)
  [FALSE] omission: you're passing urine OK. You're drinking plenty of fluids, and passing urine OK. (passing urine: affirmed)
  [FALSE] omission: you're passing urine OK. You're drinking plenty of fluids, and passing urine OK. (drinking: affirmed)
  [FALSE] omission: I, I drank loads of water, when I started having the diarrhea. (water: affirmed)
  [FALSE] omission: Now that it stopped, I just went back to normal. (back: affirmed)
  [FALSE] omission: Uh like my, you know when I had the, when I was telling you I had like the, I had chills, and I was really cold. (chills: affirmed)
  [FALSE] omission: My muscle was really hurting. (muscle: affirmed)
  [FALSE] omission: That must be very difficult for you. (very difficult: affirmed)
  [FALSE] omission: Especially like in my arms, my legs, like just everywhere basically. (arms: affirmed)
  [FALSE] omission: Especially like in my arms, my legs, like just everywhere basically. (legs: affirmed)
  [FALSE] omission: Yeah, pretty much. (fit and well: affirmed)
  [FALSE] omission: Yeah, pretty much. (lethargic: affirmed)
  [FALSE] omission: Uh, well I have type two diabetes. (diabetes: affirmed)
  [FALSE] omission: And I have quite high blood pressure. (high blood pressure: affirmed)
  [FALSE] omission: Same with the high blood pressure. (same: affirmed)
  [FALSE] omission: And since I've started taking this medication, I've just been like regularly checking that it, it's under control. (medication: affirmed)
  [FALSE] omission: Yeah he has none of this. (none: affirmed)
  [FALSE] omission: Like I was a bit worried that I would pass it to him but, not uh, diarrhea, nothing, fine. (worried: affirmed)
  [FALSE] omission: Like I was a bit worried that I would pass it to him but, not uh, diarrhea, nothing, fine. (pass: affirmed)
  [FALSE] omission: But the, the first day I skipped. (skipped: affirmed)
  [FALSE] omission: reason I ask is because sometimes stress can really affect your immune system. (affect: affirmed)
  [FALSE] omission: reason I ask is because sometimes stress can really affect your immune system. (immune: affirmed)
  [FALSE] omission: I used to, but I've stopped for about six months now. (used: affirmed)
  [FALSE] omission: And I rarely get like properly drunk, or anything. (drunk: affirmed)
  [FALSE] omission: Something think about, just in terms of your blood pressure and diabetes, maybe something that you can maybe cut down on if you can. (blood pressure: affirmed)
  [FALSE] omission: But so in practice I know that's not realistic. (practice: affirmed)
  [FALSE] omission: Um, right so uh just as we wrap up really, um April I think based on your story, I think uh essentially I think you're, you're going through a bit of a bit of a viral illness. (illness: affirmed)
  [FALSE] omission: I'm hoping that, you know, you're probably over the worst of it now. (hoping: affirmed)
  [FALSE] omission: Keep yourself well-hydrated. (well-hydrated: affirmed)
  [FALSE] omission: And if you are still feeling feverish, um and your cough isn't getting any better, then we may look to give you some antibiotics for your chest. (antibiotics: negated)
  [FALSE] omission: some of the uh uh common source of infection. Um (source of infection: affirmed)
  [FALSE] omission: Thank you very much. (very much: affirmed)
  [FALSE] hallucination: Runny nose, no ear pain, no sore throat. (ear pain: negated)
  [FALSE] hallucination: Feeling tired, weak and myalgia. (myalgia: affirmed)
  [FALSE] hallucination: Feeling shivery, hot / cold, ? fever (fever: affirmed)
  [FALSE] hallucination: No nausea / vomiting (nausea: negated)
  [FALSE] hallucination: No nausea / vomiting (vomiting: negated)
  [FALSE] hallucination: Initial diarrhea-but now resolved (resolved: affirmed)
  [FALSE] hallucination: Nil urinary symptoms (urinary symptoms: affirmed)
  [FALSE] hallucination: No rashes (rashes: negated)
  [FALSE] hallucination: PMH: Type 2 diabetes, HTN (type 2 diabetes: affirmed)
  [FALSE] hallucination: Ex-smoker-stopped 6/12 ago. (smoker: affirmed)
  [FALSE] hallucination: Social EtOH < 14 units / week (etoh: affirmed)
  [FALSE] status_flip: No, I feel you know, generally tired. Feeling tired, weak and myalgia. (feeling tired: negated in transcript vs affirmed in SOAP note)
  [FALSE] status_flip: Um but, but it didn't, it didn't cut my appetite or anything. Appetite maintained. (appetite: negated in transcript vs affirmed in SOAP note)
  [FALSE] status_flip: I don't think it's related to stress. SH: lives with partner, works IT, denies stress. (stress: negated in transcript vs negated & family history in SOAP note)
  [FALSE] omission: Hello? Hello. Um, before I go any further, can I confirm your name and your date of birth? (confirm)
  [FALSE] omission: Hello? Hello. Um, before I go any further, can I confirm your name and your date of birth? (date)
  [FALSE] omission: Well I've just been having this like, cough, for quite a few days. And my nose is running. Um and it's just been super annoying, and it's not going away. (nose)
  [FALSE] omission: Uh I think it started like maybe, a bit less than a week ago. Like maybe, maybe five or six days ago. (maybe)
  [FALSE] omission: OK. So it's a dry cough. So you're not bringing up any , you're not bringing up any mucky, ohh I can hear that, yeah. Um you're not bringing up any uh, mucky phlegm or anything like that. (phlegm)
  [FALSE] omission: No, OK. So it keeps you up at night. Um you mentioned uh the cold symptoms as well, the runny nose. Do you have a do you have a sore throat at all? (cold symptoms)
  [FALSE] omission: I mean, apart from, I mean the coughing is giving me a sore throat. But it's not like, you know not more than, than that. You know just, just my throat is irritated from coughing. But it's not like, it's not that bad when I swallow or anything. (throat)
  [FALSE] omission: Right. Do you have any uh, how are your ears? Do you ears feel blocked or? (blocked)
  [FALSE] omission: Right. Do you have any uh, how are your ears? Do you ears feel blocked or? (ears)
  [FALSE] omission: OK, alright. Um fine. In terms of your breathing, how is your , how's your chest? Is your breathing more labored? (breathing)
  [FALSE] omission: OK, alright. Um fine. In terms of your breathing, how is your , how's your chest? Is your breathing more labored? (labored)
  [FALSE] omission: OK, alright. Um fine. In terms of your breathing, how is your , how's your chest? Is your breathing more labored? (chest)
  [FALSE] omission: Day to day when you walk around, uh you don't feel breathless do you? (breathless)
  [FALSE] omission: I don't feel restless. No, I feel you know, generally tired. (feel restless)
  [FALSE] omission: I don't feel restless. No, I feel you know, generally tired. (tired)
  [FALSE] omission: Any pain in your chest? (pain)
  [FALSE] omission: You know like, when you, when you go to sleep and, and you feel like I I should be warm. But I'm still, still you know, shivering a little bit. (sleep)
  [FALSE] omission: You know like, when you, when you go to sleep and, and you feel like I I should be warm. But I'm still, still you know, shivering a little bit. (warm)
  [FALSE] omission: But I haven't taken my temperature, so I'm not a hundred percent sure if I had a fever. But it feels like I probably did. 'Cause I was just, I was next to my boyfriend. And he was completely warm and totally fine. And I just like couldn't stop shivering. And kept adding more sweaters on, and I was still cold. (probably)
  [FALSE] omission: But I haven't taken my temperature, so I'm not a hundred percent sure if I had a fever. But it feels like I probably did. 'Cause I was just, I was next to my boyfriend. And he was completely warm and totally fine. And I just like couldn't stop shivering. And kept adding more sweaters on, and I was still cold. (totally)
  [FALSE] omission: OK. OK. OK. Alright. Um, fine. And in terms of any other symptoms, so have you had any nausea? Have you had any vomiting? (other symptoms)
  [FALSE] omission: Um, I had a little bit of diarrhea. Um but, but it didn't, it didn't cut my appetite or anything. I just like, my stomach wasn't feeling great. (stomach)
  [FALSE] omission: Yeah, yeah. It got better. It was only like the first, like it started at the same time as the cough started. And then it stopped. So I thought everything would be fine. But then the cough just kept going. (thought)
  [FALSE] omission: No. I, I drank loads of water, when I started having the diarrhea. Now that it stopped, I just went back to normal. (water)
  [FALSE] omission: No. I, I drank loads of water, when I started having the diarrhea. Now that it stopped, I just went back to normal. (back)
  [FALSE] omission: OK, alright. Um in terms of any other thing, do you notice any, any find any skin rashes, or um problems with your muscles or joints? (muscles)
  [FALSE] omission: OK, alright. Um in terms of any other thing, do you notice any, any find any skin rashes, or um problems with your muscles or joints? (find)
  [FALSE] omission: Uh like my, you know when I had the, when I was telling you I had like the, I had chills, and I was really cold. My muscle was really hurting. (chills)
  [FALSE] omission: Right, OK. OK. I'm sorry. That must be very difficult for you. (very difficult)
  [FALSE] omission: Yeah, right. Especially like in my arms, my legs, like just everywhere basically. (arms)
  [FALSE] omission: Yeah, right. Especially like in my arms, my legs, like just everywhere basically. (legs)
  [FALSE] omission: quite lethargic and weak, you mentioned. Um, OK. And um, April are you normally otherwise fit and well? (fit and well)
  [FALSE] omission: quite lethargic and weak, you mentioned. Um, OK. And um, April are you normally otherwise fit and well? (lethargic)
  [FALSE] omission: Uh, well I have type two diabetes. And I have quite high blood pressure. (high blood pressure)
  [FALSE] omission: Uh, well I have type two diabetes. And I have quite high blood pressure. (diabetes)
  [FALSE] omission: OK. And what do you take for your blood pressure? Any, or what what medications do you take on a regular basis, if you don't mind saying? (blood pressure)
  [FALSE] omission: OK. And what do you take for your blood pressure? Any, or what what medications do you take on a regular basis, if you don't mind saying? (medications)
  [FALSE] omission: OK. And what do you take for your blood pressure? Any, or what what medications do you take on a regular basis, if you don't mind saying? (basis)
  [FALSE] omission: Zinopril. OK, fine. Any allergies at all, to medications? (allergies)
  [FALSE] omission: No, OK. Regarding any family history, is there anything I should be aware of? (family history)
  [FALSE] omission: Um, that just checks up on it. Same with the high blood pressure. Like I, I have it under control. And since I've started taking this medication, I've just been like regularly checking that it, it's under control. (same)
  [FALSE] omission: Yeah he has none of this. Like he's just going ahead like, like nothing. Like I was a bit worried that I would pass it to him but, not uh, diarrhea, nothing, fine. (worried)
  [FALSE] omission: Yeah he has none of this. Like he's just going ahead like, like nothing. Like I was a bit worried that I would pass it to him but, not uh, diarrhea, nothing, fine. (none)
  [FALSE] omission: Yeah he has none of this. Like he's just going ahead like, like nothing. Like I was a bit worried that I would pass it to him but, not uh, diarrhea, nothing, fine. (pass)
  [FALSE] omission: Uh, yeah I am working. But the, the first day I skipped. because I was feeling just too shit. Um, but then, I just felt like had to go back, 'cause I had so much to do. So I've been going in. But it's not been fun. (skipped)
  [FALSE] omission: Sure. reason I ask is because sometimes stress can really affect your immune system. Um but uh it's good to know you're you're you're not feeling stressed. (feeling stressed)
  [FALSE] omission: Sure. reason I ask is because sometimes stress can really affect your immune system. Um but uh it's good to know you're you're you're not feeling stressed. (affect)
  [FALSE] omission: Sure. reason I ask is because sometimes stress can really affect your immune system. Um but uh it's good to know you're you're you're not feeling stressed. (immune)
  [FALSE] omission: OK. Um and what about alcohol? (alcohol)
  [FALSE] omission: I mean, yeah I, I don't think I drank that much. Like, I I don't really know how you count the units. So I guess like I don't drink more than like, like, let's say three evenings a week? And I rarely get like properly drunk, or anything. (drunk)
  [FALSE] omission: really ideally, the the the right answer is to cut down completely. But so in practice I know that's not realistic. So maybe for the first few weeks, why don't you cut down to two glasses a week. And then, one week thereafter (practice)
  [FALSE] omission: OK? Just something for you to think about. Um, right so uh just as we wrap up really, um April I think based on your story, I think uh essentially I think you're, you're going through a bit of a bit of a viral illness. Um, I don't think there's anything to worry about. (illness)
  [FALSE] omission: I'm hoping that, you know, you're probably over the worst of it now. It's been five days. I'm hoping you're maybe going to get better in the next couple of days. It normally lasts for about a week to ten days. (hoping)
  [FALSE] omission: Drink plenty of fluids. Keep yourself well-hydrated. You can take regular Paracetamol. (well-hydrated)
  [FALSE] omission: And if you are still feeling feverish, um and your cough isn't getting any better, then we may look to give you some antibiotics for your chest. some of the uh uh common source of infection. Um (source of infection)
  [FALSE] omission: And if you are still feeling feverish, um and your cough isn't getting any better, then we may look to give you some antibiotics for your chest. some of the uh uh common source of infection. Um (feeling feverish)
  [FALSE] omission: And if you are still feeling feverish, um and your cough isn't getting any better, then we may look to give you some antibiotics for your chest. some of the uh uh common source of infection. Um (antibiotics)
  [FALSE] omission: Yeah so I think you know , really I think it depends on you. it's um if you are coughing, then there is a theoretical, you know risk that you're maybe slightly infectious still. So I would say maybe take a day or two off work, if you can. (infectious)
  [FALSE] omission: But um, if your cough isn't getting any better, or your breathing is getting worse, I want you to come back and see me sooner. OK? (worse)
  [FALSE] omission: OK. Alright. Thank you very much. (very much)
  [FALSE] hallucination: 5/7 hx of cough and runny nose. Dry cough, keeps pt up at night. Runny nose, no ear pain, no sore throat. (ear pain)
  [FALSE] hallucination: No SOB / chest pain (chest pain)
  [FALSE] hallucination: SH: lives with partner, works IT, denies stress. Ex-smoker-stopped 6/12 ago. Social EtOH < 14 units / week (smoker)
  [FALSE] hallucination: myalgia (negated)
  [FALSE] hallucination: metformin (affirmed)
  [FALSE] hallucination: sore throat (negated)
  [FALSE] hallucination: weak (negated)
  [FALSE] omission: medications (negated)
  [FALSE] omission: ears (affirmed)
  [FALSE] omission: diabetes (negated)
  [FALSE] omission: weak (affirmed)
  [FALSE] omission: confirm (affirmed)
  [FALSE] omission: muscles (negated)
  [FALSE] omission: appetite (affirmed)
  [FALSE] omission: shivering (affirmed)
  [FALSE] omission: probably (negated)
  [FALSE] omission: diarrhea (negated)
  [FALSE] omission: sore throat (affirmed)
  [FALSE] omission: drinking (negated)
  [FALSE] omission: medications (affirmed)
  [FALSE] omission: family history (affirmed)
  [FALSE] omission: labored (affirmed)
  [FALSE] omission: worry (negated)
  [FALSE] omission: stress (affirmed)
  [FALSE] omission: basis (affirmed)
  [FALSE] omission: cold symptoms (affirmed)
  [FALSE] omission: allergies (negated)
  [FALSE] omission: vomiting (affirmed)
  [FALSE] omission: fluids (negated)
  [FALSE] omission: back (negated)
  [FALSE] omission: cold (negated)
  [FALSE] omission: find (negated)
  [FALSE] omission: date (affirmed)
  [FALSE] omission: shivering (negated)
  [FALSE] omission: feel (negated)
  [FALSE] omission: chills (negated)
  [FALSE] omission: passing urine (negated)
  [FALSE] omission: pain (affirmed)
  [FALSE] omission: breathing (affirmed)
  [FALSE] omission: chest (affirmed)
  [FALSE] hallucination: dosage 14.0unit
  [FALSE] hallucination: sore throat: duration 5 day(s) (not found near this drug in transcript)
  [FALSE] hallucination: paracetamol: duration 5 day(s) (not found near this drug in transcript)
  [FALSE] hallucination: stress: duration 180 day(s) (not found near this drug in transcript)
  FN - none

prim15.txt
  [FALSE] omission: Uh yeah. So I have uh soreness in my fingers, my finger, like, the skin on my hands is kind of cracked. (confirm: affirmed)
  [FALSE] omission: So I have uh soreness in my fingers, my finger, like, the skin on my hands is kind of cracked. (fingers: affirmed)
  [FALSE] omission: So I have uh soreness in my fingers, my finger, like, the skin on my hands is kind of cracked. (skin: affirmed)
  [FALSE] omission: I mean, I have dryness, like you know, in other parts, like my legs. (legs: affirmed)
  [FALSE] omission: But it's not, it's not very, it's not severe. (severe: negated)
  [FALSE] omission: It's just you know, I've always, you know, I don't hydrate very much. So (hydrate: negated)
  [FALSE] omission: It's just you know, I've always, you know, I don't hydrate very much. So (very much: negated)
  [FALSE] omission: Like it's very, it's very bad in my hands. (very bad: affirmed)
  [FALSE] omission: Yeah I mean, it's gotten to a point where, where it hurts a lot. And I can't really do my job. So, I thought I should probably get it checked out. (today: affirmed)
  [FALSE] omission: Yeah I mean, it's gotten to a point where, where it hurts a lot. And I can't really do my job. So, I thought I should probably get it checked out. (worse: affirmed)
  [FALSE] omission: So, I thought I should probably get it checked out. (thought: affirmed)
  [FALSE] omission: So, I thought I should probably get it checked out. (probably: affirmed)
  [FALSE] omission: Uh the palm. (palm: affirmed)
  [FALSE] omission: I think there's definitely, maybe a correlation between the two. (definitely: affirmed)
  [FALSE] omission: I think there's definitely, maybe a correlation between the two. (maybe: affirmed)
  [FALSE] omission: Uh yeah it's just like literally grinding my legs. (grinding: affirmed)
  [FALSE] omission: I have diabetes. (diabetes: affirmed)
  [FALSE] omission: In terms of social history, you mentioned that you work as a housekeeper. (social history: affirmed)
  [FALSE] omission: Yeah, I usually use those for bathrooms. (usually: affirmed)
  [FALSE] omission: Um, Mrs. Parkinson, so I think um, based on your story, I I think you might have something called dermatitis or contact dermatitis. (dermatitis: affirmed)
  [FALSE] omission: Um, so moving forward there's a couple of options. (moving: affirmed)
  [FALSE] omission: And in terms of helping your dryness and the cracking of your skin, um we can try some steroid creams to help with the inflammation. (steroid: affirmed)
  [FALSE] omission: And in terms of helping your dryness and the cracking of your skin, um we can try some steroid creams to help with the inflammation. (inflammation: affirmed)
  [FALSE] omission: As well as some stronger emollients, um which you really need to kind of coat on, three four times a day, for the next couple of weeks, just to help with the moisturizing of your skin. (coat: affirmed)
  [FALSE] omission: Um if it still hasn't got better in about a week, two weeks time, I really need you to come back and see me again. (back: negated)
  [FALSE] hallucination: Occasionally itchy and bleeding on scratching. (bleeding: affirmed)
  [FALSE] hallucination: No pain (pain: negated)
  [FALSE] hallucination: No fever (fever: negated)
  [FALSE] hallucination: No bowel/urinary sx (bowel: negated)
  [FALSE] hallucination: Appetite maintained (appetite: affirmed)
  [FALSE] hallucination: PMH: Type 2 diabetes (type 2 diabetes: affirmed)
  [FALSE] hallucination: DH: metformin (metformin: affirmed)
  [FALSE] hallucination: SH: works as a housekeeper, recently changed jobs 4/12 ago, works in a hotel. (changed jobs: affirmed)
  [FALSE] hallucination: Has tried E45 cream and antihistamines with minimal relief (cream: affirmed)
  [FALSE] hallucination: Has tried E45 cream and antihistamines with minimal relief (relief: affirmed)
  [FALSE] omission: Great, excellent. Before I go any further, can I confirm you name and your, um, age please? (confirm)
  [FALSE] omission: Uh yeah. So I have uh soreness in my fingers, my finger, like, the skin on my hands is kind of cracked. (fingers)
  [FALSE] omission: Uh yeah. So I have uh soreness in my fingers, my finger, like, the skin on my hands is kind of cracked. (cracked)
  [FALSE] omission: Uh yeah. So I have uh soreness in my fingers, my finger, like, the skin on my hands is kind of cracked. (skin)
  [FALSE] omission: Yeah, I haven't noticed. I mean, I have dryness, like you know, in other parts, like my legs. But it's not, it's not very, it's not severe. It's just you know, I've always, you know, I don't hydrate very much. So (very much)
  [FALSE] omission: Yeah, I haven't noticed. I mean, I have dryness, like you know, in other parts, like my legs. But it's not, it's not very, it's not severe. It's just you know, I've always, you know, I don't hydrate very much. So (hydrate)
  [FALSE] omission: Yeah, I haven't noticed. I mean, I have dryness, like you know, in other parts, like my legs. But it's not, it's not very, it's not severe. It's just you know, I've always, you know, I don't hydrate very much. So (severe)
  [FALSE] omission: Yeah, I haven't noticed. I mean, I have dryness, like you know, in other parts, like my legs. But it's not, it's not very, it's not severe. It's just you know, I've always, you know, I don't hydrate very much. So (legs)
  [FALSE] omission: Yeah. Like it's very, it's very bad in my hands. (very bad)
  [FALSE] omission: OK. Can I ask why have you come to see me today? Uh is it because it's got worse recently, your symptoms? (today)
  [FALSE] omission: OK. Can I ask why have you come to see me today? Uh is it because it's got worse recently, your symptoms? (worse)
  [FALSE] omission: Yeah I mean, it's gotten to a point where, where it hurts a lot. And I can't really do my job. So, I thought I should probably get it checked out. (probably)
  [FALSE] omission: Yeah I mean, it's gotten to a point where, where it hurts a lot. And I can't really do my job. So, I thought I should probably get it checked out. (thought)
  [FALSE] omission: Uh the palm. I don't get, yeah. (palm)
  [FALSE] omission: Um, OK alright. Um, have you any itchiness in your palms? (itchiness)
  [FALSE] omission: OK. Sorry, I'm writing notes as we go along. Um, and you mentioned that skin is quite cracked as well. Is that right? (writing)
  [FALSE] omission: Yeah, I think that might be quite important actually. I think there's definitely, maybe a correlation between the two. (definitely)
  [FALSE] omission: Yeah, I think that might be quite important actually. I think there's definitely, maybe a correlation between the two. (maybe)
  [FALSE] omission: Yeah. It's not really, it's not really major. Uh yeah it's just like literally grinding my legs. (grinding)
  [FALSE] omission: OK. I'm just going to ask you some very brief yes or no questions, if that's OK. With your symptoms, have you, have you had any other symptoms, such as fever, or temperatures? (other symptoms)
  [FALSE] omission: Any nausea, or any vomiting? (vomiting)
  [FALSE] omission: Any nausea, or any vomiting? (nausea)
  [FALSE] omission: Any problem with your urine, or waterworks? (urine)
  [FALSE] omission: Otherwise you feel well, do you? And yourself, your eating, drinking, your appetite is well-maintained? (drinking)
  [FALSE] omission: Otherwise you feel well, do you? And yourself, your eating, drinking, your appetite is well-maintained? (eating)
  [FALSE] omission: Otherwise you feel well, do you? And yourself, your eating, drinking, your appetite is well-maintained? (feel)
  [FALSE] omission: OK, alright. Fine. Um, in terms of your past medical history, do you have any other conditions at all? (past medical history)
  [FALSE] omission: Eczema, dermatitis, for exmaple? (dermatitis)
  [FALSE] omission: Eczema, dermatitis, for exmaple? (eczema)
  [FALSE] omission: No, OK. Which medications do you take? (medications)
  [FALSE] omission: Metformin, OK. Do you have any allergies, either to any medications or in general? (allergies)
  [FALSE] omission: Metformin, OK. Do you have any allergies, either to any medications or in general? (either)
  [FALSE] omission: OK. Family history-wise, is there anything I should be aware of? (family history)
  [FALSE] omission: Any history of asthma, or bowel problems? (bowel problems)
  [FALSE] omission: Any history of asthma, or bowel problems? (asthma)
  [FALSE] omission: Fine. In terms of social history, you mentioned that you work as a housekeeper. Um are you, you're not always very good at wearing gloves. (social history)
  [FALSE] omission: Yeah, I usually use those for bathrooms. But, yeah bedrooms and corridors not always. (usually)
  [FALSE] omission: Do you drink much in the way of alcohol? (alcohol)
  [FALSE] omission: I also tried an antihistamine, antihistamine. Uh but it didn't (antihistamine)
  [FALSE] omission: Um, so moving forward there's a couple of options. So firstly, what we try and do is, you know, avoid the triggers. In your case, I strongly recommend that you wear gloves when cleaning at all times. (moving)
  [FALSE] omission: OK. And in terms of helping your dryness and the cracking of your skin, um we can try some steroid creams to help with the inflammation. (inflammation)
  [FALSE] omission: OK. And in terms of helping your dryness and the cracking of your skin, um we can try some steroid creams to help with the inflammation. (steroid)
  [FALSE] omission: Um if it still hasn't got better in about a week, two weeks time, I really need you to come back and see me again. And we can maybe think about other things we can give to you. (back)
  [FALSE] omission: Is that all clear? (all clear)
  [FALSE] hallucination: 3-4/12 hx of sore and cracked skin on my hands - mainly palms. Occasionally itchy and bleeding on scratching. No pain (cracked skin)
  [FALSE] hallucination: 3-4/12 hx of sore and cracked skin on my hands - mainly palms. Occasionally itchy and bleeding on scratching. No pain (pain)
  [FALSE] hallucination: Works as a cleaner and does not always wear gloves - possible trigger (possible)
  [FALSE] hallucination: contact dermatitis (affirmed)
  [FALSE] hallucination: trigger (negated)
  [FALSE] hallucination: possible (negated)
  [FALSE] omission: all clear (affirmed)
  [FALSE] omission: either (affirmed)
  [FALSE] omission: bowel problems (affirmed)
  [FALSE] omission: very much (affirmed)
  [FALSE] omission: diabetes (negated)
  [FALSE] omission: asthma (affirmed)
  [FALSE] omission: dermatitis (negated)
  [FALSE] omission: medications (affirmed)
  [FALSE] omission: medicine (affirmed)
  [FALSE] omission: writing (affirmed)
  [FALSE] omission: eczema (negated)
  [FALSE] omission: finger (affirmed)
  [FALSE] omission: drinking (affirmed)
  [FALSE] omission: past medical history (affirmed)
  [FALSE] omission: family history (affirmed)
  [FALSE] omission: eating (affirmed)
  [FALSE] omission: itchiness (affirmed)
  [FALSE] omission: skin (negated)
  [FALSE] omission: allergies (affirmed)
  [FALSE] hallucination: duration 120 day(s)
  [FN] omission: Steroid cream BD
2.
  [FN] omission: Review in 10-14d INB, or earlier if worsening sx
  [FN] hallucination: inserted sentence from note 8: "Emollients - regular use QDS
3."

prim16.txt
  [FALSE] omission: Can you find (find: affirmed)
  [FALSE] omission: Yeah, so I just feel I can't really hear as well as I used to, like my hearing is kind of deteriorating in some way. (hearing: affirmed)
  [FALSE] omission: Yeah, so I just feel I can't really hear as well as I used to, like my hearing is kind of deteriorating in some way. (feel: affirmed)
  [FALSE] omission: Yeah, so I just feel I can't really hear as well as I used to, like my hearing is kind of deteriorating in some way. (used: negated)
  [FALSE] omission: Yeah, so I just feel I can't really hear as well as I used to, like my hearing is kind of deteriorating in some way. (deteriorating: negated)
  [FALSE] omission: Um I had something maybe, about a year ago, but it only lasted a couple of days, it wasn't anything as long as this. (maybe: affirmed)
  [FALSE] omission: Um, I occasionally get like a ringing in my left ear, uh just on the one side and um there's actually been a few times when I felt kind of a bit sick or a bit dizzy as well. (left ear: affirmed)
  [FALSE] omission: Um, I occasionally get like a ringing in my left ear, uh just on the one side and um there's actually been a few times when I felt kind of a bit sick or a bit dizzy as well. (sick: affirmed)
  [FALSE] omission: Um, I occasionally get like a ringing in my left ear, uh just on the one side and um there's actually been a few times when I felt kind of a bit sick or a bit dizzy as well. (dizzy: affirmed)
  [FALSE] omission: Alright, so your right ear is fine. (right ear: affirmed)
  [FALSE] omission: So you've had ringing, difficulty hearing in your left ear, and feeling slightly sick. (difficulty hearing: affirmed)
  [FALSE] omission: Like some things trigger it as well. (trigger: affirmed)
  [FALSE] omission: Uh, not specifically apart from the dizziness so much. (discharge: negated)
  [FALSE] omission: Uh, not specifically apart from the dizziness so much. (fever: negated)
  [FALSE] omission: Someone might have impacted wax, blocking the tube going into the eardrum, which can (impacted wax: affirmed)
  [FALSE] omission: Someone might have impacted wax, blocking the tube going into the eardrum, which can (blocking: affirmed)
  [FALSE] omission: Someone might have impacted wax, blocking the tube going into the eardrum, which can (eardrum: affirmed)
  [FALSE] omission: lead to muffled hearing. (lead: affirmed)
  [FALSE] omission: It's not an emergency. (emergency: negated)
  [FALSE] omission: Uh nothing major it's just kind of uh it's, it's not the kind of dizziness you get with nausea, like uh not, not proper room spinning or anything like that but just, just a little bit kind of off balance. (something else: negated)
  [FALSE] omission: Uh nothing major it's just kind of uh it's, it's not the kind of dizziness you get with nausea, like uh not, not proper room spinning or anything like that but just, just a little bit kind of off balance. (double check: negated)
  [FALSE] omission: Uh nothing major it's just kind of uh it's, it's not the kind of dizziness you get with nausea, like uh not, not proper room spinning or anything like that but just, just a little bit kind of off balance. (dizziness: negated)
  [FALSE] omission: Uh nothing major it's just kind of uh it's, it's not the kind of dizziness you get with nausea, like uh not, not proper room spinning or anything like that but just, just a little bit kind of off balance. (physical: negated)
  [FALSE] omission: Uh nothing major it's just kind of uh it's, it's not the kind of dizziness you get with nausea, like uh not, not proper room spinning or anything like that but just, just a little bit kind of off balance. (blockage: negated)
  [FALSE] omission: Uh nothing major it's just kind of uh it's, it's not the kind of dizziness you get with nausea, like uh not, not proper room spinning or anything like that but just, just a little bit kind of off balance. (severe: negated)
  [FALSE] omission: Uh nothing major it's just kind of uh it's, it's not the kind of dizziness you get with nausea, like uh not, not proper room spinning or anything like that but just, just a little bit kind of off balance. (nausea: negated)
  [FALSE] omission: Uh nothing major it's just kind of uh it's, it's not the kind of dizziness you get with nausea, like uh not, not proper room spinning or anything like that but just, just a little bit kind of off balance. (room spinning: negated)
  [FALSE] omission: Uh nothing major it's just kind of uh it's, it's not the kind of dizziness you get with nausea, like uh not, not proper room spinning or anything like that but just, just a little bit kind of off balance. (balance: affirmed)
  [FALSE] omission: is that the sort of thing that can cause uh like this uh ringing I've got in my ear, 'cause it seems . (sort: affirmed)
  [FALSE] omission: The ringing that you got, that you've got, it's something called Tinnitus. (tinnitus: affirmed)
  [FALSE] omission: and Tinnitus is something actually that medicine doctors, we don't really understand it fully. (medicine: affirmed)
  [FALSE] omission: and Tinnitus is something actually that medicine doctors, we don't really understand it fully. (understand: negated)
  [FALSE] omission: paste the link for a leaflet about Tinnitus, um, in the notes for this appointment. (link: affirmed)
  [FALSE] omission: And often that, that, uh, awareness of what it is and what the treatment options are, and there are limited options (awareness: affirmed)
  [FALSE] omission: And often that, that, uh, awareness of what it is and what the treatment options are, and there are limited options (treatment options: affirmed)
  [FALSE] omission: So, um, I'm going to paste a link to that, um, and you can read about that and (read: affirmed)
  [FALSE] hallucination: One previous similar episode in the past- resolved spontaneously. (resolved: affirmed)
  [FALSE] hallucination: No discharge/ fever/ itchiness/ pain (pain: negated)
  [FALSE] hallucination: Doesn't use cotton wool buds (cotton: negated)
  [FALSE] omission: Yep. Can you find (find)
  [FALSE] omission: Yeah, OK, great. Well, nice to see you this morning. Um, before we start your appointment, could I confirm your full name and date of birth please? (confirm)
  [FALSE] omission: Yeah, OK, great. Well, nice to see you this morning. Um, before we start your appointment, could I confirm your full name and date of birth please? (date)
  [FALSE] omission: That's perfect, thank you, John. Um, are you in a private place where you're OK to speak at the moment? (speak)
  [FALSE] omission: OK, great. So, um, tell me what's been going on. You've been saying there's a problem with your hearing. Is that right? (hearing)
  [FALSE] omission: Six weeks, OK. Um, and before that have you had any hearing problem at all? (hearing problem)
  [FALSE] omission: Right, OK, OK. And, um, in this six week period, have you had anything else happen? Have you had any other ear symptoms at all? (ear symptoms)
  [FALSE] omission: Right, OK, OK. And, um, in this six week period, have you had anything else happen? Have you had any other ear symptoms at all? (period)
  [FALSE] omission: Right, OK. Uh, uh, um, just to clarify, the difficulty you've got in hearing, is that both ears or just the left ear? (difficulty)
  [FALSE] omission: Right, OK. Uh, uh, um, just to clarify, the difficulty you've got in hearing, is that both ears or just the left ear? (ears)
  [FALSE] omission: OK. So you've had ringing, difficulty hearing in your left ear, and feeling slightly sick. (difficulty hearing)
  [FALSE] omission: Uh it's kind of on and off. Like some things trigger it as well. So, for example, if I'm watching TV or listen to music or something that'll solve the ringing in the ear. (ringing in ear)
  [FALSE] omission: Uh it's kind of on and off. Like some things trigger it as well. So, for example, if I'm watching TV or listen to music or something that'll solve the ringing in the ear. (trigger)
  [FALSE] omission: Uh it's kind of on and off. Like some things trigger it as well. So, for example, if I'm watching TV or listen to music or something that'll solve the ringing in the ear. (listen)
  [FALSE] omission: OK. Any discharge coming out of the ear? No, OK. Um, have, have you been experiencing any fever? (discharge)
  [FALSE] omission: OK. Any discharge coming out of the ear? No, OK. Um, have, have you been experiencing any fever? (fever)
  [FALSE] omission: Uh, not specifically apart from the dizziness so much. (dizziness)
  [FALSE] omission: Right, OK. And, um, has your ear been itchy at all? (itchy)
  [FALSE] omission: 'K. I'm just exclude the simple things. Simple things might be wax. You know. Someone might have impacted wax, blocking the tube going into the eardrum, which can (impacted wax)
  [FALSE] omission: 'K. I'm just exclude the simple things. Simple things might be wax. You know. Someone might have impacted wax, blocking the tube going into the eardrum, which can (blocking)
  [FALSE] omission: 'K. I'm just exclude the simple things. Simple things might be wax. You know. Someone might have impacted wax, blocking the tube going into the eardrum, which can (eardrum)
  [FALSE] omission: lead to muffled hearing. Um, if that's the case, that that's something that's easy fixable. But, um, so we need to exclude that first. (lead)
  [FALSE] omission: lead to muffled hearing. Um, if that's the case, that that's something that's easy fixable. But, um, so we need to exclude that first. (easy)
  [FALSE] omission: So, um, what I think we could do is, um, maybe if we book you in for a face-to-face appointment in one of our clinics. It's not an emergency. (emergency)
  [FALSE] omission: So, um, what I think we could do is, um, maybe if we book you in for a face-to-face appointment in one of our clinics. It's not an emergency. (face)
  [FALSE] omission: whether there's physical blockage or whether there's something else going on, OK? Um, can I just double check, the dizziness that you've been getting, um, how severe is it? (something else)
  [FALSE] omission: whether there's physical blockage or whether there's something else going on, OK? Um, can I just double check, the dizziness that you've been getting, um, how severe is it? (double check)
  [FALSE] omission: whether there's physical blockage or whether there's something else going on, OK? Um, can I just double check, the dizziness that you've been getting, um, how severe is it? (physical)
  [FALSE] omission: whether there's physical blockage or whether there's something else going on, OK? Um, can I just double check, the dizziness that you've been getting, um, how severe is it? (blockage)
  [FALSE] omission: whether there's physical blockage or whether there's something else going on, OK? Um, can I just double check, the dizziness that you've been getting, um, how severe is it? (severe)
  [FALSE] omission: Right, right, OK. Have, have you had any chest pain with it? (chest pain)
  [FALSE] omission: No. Any palpitations, heart beating fast? (palpitations)
  [FALSE] omission: No. Any palpitations, heart beating fast? (heart)
  [FALSE] omission: No. Any palpitations, heart beating fast? (fast)
  [FALSE] omission: and Tinnitus is something actually that medicine doctors, we don't really understand it fully. We haven't (understand)
  [FALSE] omission: and Tinnitus is something actually that medicine doctors, we don't really understand it fully. We haven't (medicine)
  [FALSE] omission: paste the link for a leaflet about Tinnitus, um, in the notes for this appointment. I'd really appreciate it if you could start reading about it. (reading)
  [FALSE] omission: paste the link for a leaflet about Tinnitus, um, in the notes for this appointment. I'd really appreciate it if you could start reading about it. (link)
  [FALSE] omission: OK. And often that, that, uh, awareness of what it is and what the treatment options are, and there are limited options (treatment options)
  [FALSE] omission: OK. And often that, that, uh, awareness of what it is and what the treatment options are, and there are limited options (awareness)
  [FALSE] omission: um that helps us in terms of conversation about what we do next, if your ear is clear, OK? So, um, I'm going to paste a link to that, um, and you can read about that and (read)
  [FALSE] omission: Alright, great. So, um, bear with me five minutes and then you can ring the support team, I'll leave the number in the notes for this appointment. Ring them, and then they'll slot you in, OK? (support)
  [FALSE] hallucination: One previous similar episode in the past- resolved spontaneously. No discharge/ fever/ itchiness/ pain (resolved)
  [FALSE] hallucination: No Pmhx of note (note)
  [FALSE] hallucination: note (negated)
  [FALSE] omission: ears (affirmed)
  [FALSE] omission: chest pain (negated)
  [FALSE] omission: heart (affirmed)
  [FALSE] omission: severe (affirmed)
  [FALSE] omission: fast (affirmed)
  [FALSE] omission: dizzy (negated)
  [FALSE] omission: date (affirmed)
  [FALSE] omission: difficulty (affirmed)
  [FALSE] omission: itchy (affirmed)
  [FALSE] omission: confirm (affirmed)
  [FALSE] omission: palpitations (affirmed)
  [FALSE] omission: feeling (affirmed)
  [FALSE] omission: cotton (affirmed)
  [FALSE] omission: dizziness (affirmed)
  [FALSE] omission: double check (affirmed)
  [FALSE] omission: left ear (negated)
  [FALSE] omission: support (affirmed)
  [FALSE] omission: hearing (negated)
  [FALSE] omission: hearing problem (affirmed)
  [FALSE] omission: ear symptoms (negated)
  [FALSE] omission: ear drum (affirmed)
  [FALSE] omission: sick (negated)
  [FALSE] omission: speak (affirmed)
  [FN] omission: Imp: need to exclude impacted wax in ear canal first
Pln: for face to face GP appointment in 5 days to examine ear
Pt to read about tinnitus in the meantime via following link: www.patient.co.uk/tinnitus
If any problems in interim to ring us back
Pt happy with and understands plan
  [FN] omission: History: 
Hx of difficulty hearing left ear for 6 weeks with tinnitus and slight nausea/ dizziness.

prim17.txt
  [FALSE] omission: Before we start your appointment, could you please tell me your first name and your date of birth. (date: affirmed)
  [FALSE] omission: And I was born on the fifth of April, uh, nineteen seventy three. (born: affirmed)
  [FALSE] omission: Yeah. Um, I just noticed this like about a week ago, or something? Um, have like a weird swelling on, on, on my elbow. I noticed that when I was in the shower. Uh, (speak: affirmed)
  [FALSE] omission: Um, it's, it's slightly warm. (warm: affirmed)
  [FALSE] omission: Um, it's the, the left elbow. (left elbow: affirmed)
  [FALSE] omission: No, not really. Um, not that I know of. I haven't noticed anything. I can actually like move it normally. Um, it's just, I , I can just see that. It feels a bit strange, a bit (injury: negated)
  [FALSE] omission: No, not really. (no, not really: negated)
  [FALSE] omission: Uh, uh, it sometimes kind of hurts, uh, my joints. But uh, in my family, I'm not sure. (rheumatoid arthritis: negated)
  [FALSE] omission: Uh, uh, it sometimes kind of hurts, uh, my joints. But uh, in my family, I'm not sure. (diseases: negated)
  [FALSE] omission: Uh, uh, it sometimes kind of hurts, uh, my joints. But uh, in my family, I'm not sure. (lupus: negated)
  [FALSE] omission: But uh, in my family, I'm not sure. (not sure: family history)
  [FALSE] omission: Well not, not really, no. Um, I'm, I'm allergic to, to peanuts. Um, but that's, that's pretty much all I uh, have to say about my medical history, yeah. (illnesses: negated)
  [FALSE] omission: Uh, no not really. I have skin really dry now. (dry skin: negated)
  [FALSE] omission: Uh, no not really. I have skin really dry now. (skin: negated)
  [FALSE] omission: OK. Is um, I think, it would be worthwhile. , this seems like uh, what we call the Bursitis. OK. (call: affirmed)
  [FALSE] omission: So, that's an inflammation of one of the fluid sacs around the joint. (inflammation: affirmed)
  [FALSE] omission: So, that's an inflammation of one of the fluid sacs around the joint. (sacs: affirmed)
  [FALSE] omission: Um, what I think we should do is, I think you should be on some anti-inflammatory medication, in the, in the first instance. (anti-inflammatory: affirmed)
  [FALSE] omission: So, um, what we're going to do is, we're going to arrange some, um, blood test forms to be sent out to your house. (blood test: affirmed)
  [FALSE] omission: And, there'll be instructions within that pack, about where to go to get those blood tests done. (instructions: affirmed)
  [FALSE] omission: And, that will involve you, um, having some tests done to check for inflammatory markers, infection, rheumatological antibodies. (tests: affirmed)
  [FALSE] omission: And, that will involve you, um, having some tests done to check for inflammatory markers, infection, rheumatological antibodies. (infection: affirmed)
  [FALSE] omission: And, that will involve you, um, having some tests done to check for inflammatory markers, infection, rheumatological antibodies. (antibodies: affirmed)
  [FALSE] omission: So we'll do a full screen, and also check for things like Gout as well, OK. Um. (screen: affirmed)
  [FALSE] omission: So we'll do a full screen, and also check for things like Gout as well, OK. Um. (gout: affirmed)
  [FALSE] omission: From now, but it may take time for the form to come out to you. (form: affirmed)
  [FALSE] omission: And, what I would suggest, is, we can arrange a follow-up appointment for you, in one of our clinics, where we can have a look at your joint, feel it, we can review the blood test. (feel: affirmed)
  [FALSE] omission: It doesn't look like, to me that's something called, excuse me, septic arthritis. (septic arthritis: negated)
  [FALSE] omission: So, we're worried sometimes that someone might have an acutely infected joint. (worried: affirmed)
  [FALSE] omission: So, we're worried sometimes that someone might have an acutely infected joint. (infected joint: affirmed)
  [FALSE] omission: Um, what I'm doing is I'm just saying, in case things worsen, these are the things that we'd be looking out for, and this is what we have to do. (worsen: affirmed)
  [FALSE] omission: Um, well just yeah I just wanted to know about this. Um, yeah it feels a bit better now . Uh, but yeah, no that's it. Thank you. (emergency: negated)
  [FALSE] omission: Um, well just yeah I just wanted to know about this. Um, yeah it feels a bit better now . Uh, but yeah, no that's it. Thank you. (treatment: negated)
  [FALSE] omission: OK. So, I, I would take Ibuprofen regularly, OK. You can get that , over the counter. (ibuprofen: affirmed)
  [FALSE] omission: And you should take, take that after food, not on an empty stomach. (food: affirmed)
  [FALSE] omission: And you should take, take that after food, not on an empty stomach. (stomach: negated)
  [FALSE] omission: Maybe within a um, actually you know, the follow-up appointment doesn't have to be face-to-face, if it's more convenient for you do, to do it over the phone, we can do that over the phone, uh, over video. (maybe: affirmed)
  [FALSE] omission: Maybe within a um, actually you know, the follow-up appointment doesn't have to be face-to-face, if it's more convenient for you do, to do it over the phone, we can do that over the phone, uh, over video. (face: negated)
  [FALSE] omission: So , look just leave that with me, I'll sort all those bits and pieces out, and then we'll get them sent out to you, and then we'll, we'll um, review you after the tests, things goes well, OK. (sort: affirmed)
  [FALSE] hallucination: Not painful. (painful: negated)
  [FALSE] hallucination: No trauma. (trauma: negated)
  [FALSE] hallucination: No FH of rheumatological disease- NB pt says he has been old he has OA previously by doctors- ? need to confirm this (confirm: negated)
  [FALSE] hallucination: SH: exercises regularly, active (exercises regularly: affirmed)
  [FALSE] hallucination: SH: exercises regularly, active (active: affirmed)
  [TRUE] hallucination: Imp: ? Mild erythema and minimal swelling (if any) around olecranon process left elbow (erythema: affirmed)
  [FALSE] hallucination: For rheum bloods: esr, crp, fbc, rheum factor and urate (urate: affirmed)
  [FALSE] status_flip: Um, what I think we should do is, I think you should be on some anti-inflammatory medication, in the, in the first instance. DH: not on any medication, allergic to peanuts (medication: affirmed in transcript vs negated in SOAP note)
  [FALSE] status_flip: OK. Is um, I think, it would be worthwhile. , this seems like uh, what we call the Bursitis. OK. Imp: possible bursitis (bursitis: affirmed in transcript vs uncertain in SOAP note)
  [FALSE] omission: OK. Before we start your appointment, could you please tell me your first name and your date of birth. (date)
  [FALSE] omission: Yes. Uh, my name is John Smith. And I was born on the fifth of April, uh, nineteen seventy three. (born)
  [FALSE] omission: OK, that's great. Thank you for that. Um, are you in a private place where you're OK to speak freely? (speak)
  [FALSE] omission: OK, OK, great. OK, so um, tell me a bit about what's been happening? You said you mentioned in the notes that you've got a problem with your elbow. (elbow)
  [FALSE] omission: Um, it's, it's slightly warm. Um, and I, I, cannot feel like this, little bit fluid in inside, or, uh, um? (warm)
  [FALSE] omission: Um, it's, it's slightly warm. Um, and I, I, cannot feel like this, little bit fluid in inside, or, uh, um? (feel)
  [FALSE] omission: , and so, did you say it was the left elbow or the right elbow? (right elbow)
  [FALSE] omission: No, not really. Um, not that I know of. I haven't noticed anything. I can actually like move it normally. Um, it's just, I , I can just see that. It feels a bit strange, a bit (no, not really)
  [FALSE] omission: Sure, OK. , and um, , in terms of your job, do you do anything physical? (physical)
  [FALSE] omission: Sure, OK. Uh, and can I um, can I just double-check? Has anyone in your family, got any, kind of rheumatology, diseases, like rheumatoid arthritis, or lupus or anything like that? (rheumatoid arthritis)
  [FALSE] omission: Sure, OK. Uh, and can I um, can I just double-check? Has anyone in your family, got any, kind of rheumatology, diseases, like rheumatoid arthritis, or lupus or anything like that? (diseases)
  [FALSE] omission: Sure, OK. Uh, and can I um, can I just double-check? Has anyone in your family, got any, kind of rheumatology, diseases, like rheumatoid arthritis, or lupus or anything like that? (lupus)
  [FALSE] omission: Uh, uh, it sometimes kind of hurts, uh, my joints. But uh, in my family, I'm not sure. (not sure)
  [FALSE] omission: Sure. , so you know you said you think you've got , uh, osteoarthritis. Has anyone ever told you that? Have you ever seen a doctor who's confirmed that, and told you you've got osteoarthritis? (osteoarthritis)
  [FALSE] omission: Fifty three, OK. Fantastic. All right. Um, and, do you have any other illnesses at all? (illnesses)
  [FALSE] omission: Sure. , and um, do you um, are you on any medication on a regular basis? (basis)
  [FALSE] omission: No, OK. And are you normally fit and well? Mobile and active? (fit and well)
  [FALSE] omission: No, OK. And are you normally fit and well? Mobile and active? (mobile)
  [FALSE] omission: And then, just, bring it round to this side, , I can see other side. OK, fantastic. All right. And if you can just touch the tip of your elbow with your fingers. (fingers)
  [FALSE] omission: And then, just, bring it round to this side, , I can see other side. OK, fantastic. All right. And if you can just touch the tip of your elbow with your fingers. (touch)
  [FALSE] omission: There's, , is it, is it hot, compared to the surrounding skin, the adjacent skin? (skin)
  [FALSE] omission: It's a bit warmer. OK. Um, and um, is it very tender when you're pressing on that nerve? Is it, if you, if you give it a press, does it hurt you at all? (nerve)
  [FALSE] omission: OK. All right. Um, well, um, I noticed the skin was a bit dry, , on the tip of the elbow. Do you, do you have dry skin anywhere else on the body? (dry skin)
  [FALSE] omission: , do you , do you suffer from eczema at all? (suffer)
  [FALSE] omission: , do you , do you suffer from eczema at all? (eczema)
  [FALSE] omission: OK. Is um, I think, it would be worthwhile. , this seems like uh, what we call the Bursitis. OK. So, that's an inflammation of one of the fluid sacs around the joint. (inflammation)
  [FALSE] omission: OK. Is um, I think, it would be worthwhile. , this seems like uh, what we call the Bursitis. OK. So, that's an inflammation of one of the fluid sacs around the joint. (call)
  [FALSE] omission: OK. Is um, I think, it would be worthwhile. , this seems like uh, what we call the Bursitis. OK. So, that's an inflammation of one of the fluid sacs around the joint. (sacs)
  [FALSE] omission: And, as well as that, what I would like to do, is to get some blood tests done, to check for other types of uh, causes of joint swelling. K? (joint swelling)
  [FALSE] omission: And, as well as that, what I would like to do, is to get some blood tests done, to check for other types of uh, causes of joint swelling. K? (blood tests)
  [FALSE] omission: So, um, what we're going to do is, we're going to arrange some, um, blood test forms to be sent out to your house. And, there'll be instructions within that pack, about where to go to get those blood tests done. (instructions)
  [FALSE] omission: From now, but it may take time for the form to come out to you. And if you get the form get the blood tests done straight away, by the time that we're expecting result back, you know one or two days after that, we're looking maybe six days. (one or two days)
  [FALSE] omission: From now, but it may take time for the form to come out to you. And if you get the form get the blood tests done straight away, by the time that we're expecting result back, you know one or two days after that, we're looking maybe six days. (result)
  [FALSE] omission: From now, but it may take time for the form to come out to you. And if you get the form get the blood tests done straight away, by the time that we're expecting result back, you know one or two days after that, we're looking maybe six days. (maybe)
  [FALSE] omission: From now, but it may take time for the form to come out to you. And if you get the form get the blood tests done straight away, by the time that we're expecting result back, you know one or two days after that, we're looking maybe six days. (form)
  [FALSE] omission: It doesn't look like, to me that's something called, excuse me, septic arthritis. So, we're worried sometimes that someone might have an acutely infected joint. (infected joint)
  [FALSE] omission: It doesn't look like, to me that's something called, excuse me, septic arthritis. So, we're worried sometimes that someone might have an acutely infected joint. (worried)
  [FALSE] omission: However, if your, the elbow was to become very red, very painful, uh, and the redness was to spread or become uh, you know more intense. Then you need to get on the phone or get, have a video appointment , with one of us as soon as possible. (redness)
  [FALSE] omission: 'Cause that would be an emergency. That would require more immediate assessment, more immediate treatment. OK? (emergency)
  [FALSE] omission: 'Cause that would be an emergency. That would require more immediate assessment, more immediate treatment. OK? (treatment)
  [FALSE] omission: It's nothing , sinister or life-threatening. Um, what I'm doing is I'm just saying, in case things worsen, these are the things that we'd be looking out for, and this is what we have to do. But you don't have that now, thankfully, and I don't think you're going to have it. (worsen)
  [FALSE] omission: OK. So, I, I would take Ibuprofen regularly, OK. You can get that , over the counter. Um, that's four hundred milligrams, two times a day. And you should take, take that after food, not on an empty stomach. If you get any heartburn, stop taking it. OK. (ibuprofen)
  [FALSE] omission: OK. So, I, I would take Ibuprofen regularly, OK. You can get that , over the counter. Um, that's four hundred milligrams, two times a day. And you should take, take that after food, not on an empty stomach. If you get any heartburn, stop taking it. OK. (heartburn)
  [FALSE] omission: OK. So, I, I would take Ibuprofen regularly, OK. You can get that , over the counter. Um, that's four hundred milligrams, two times a day. And you should take, take that after food, not on an empty stomach. If you get any heartburn, stop taking it. OK. (stomach)
  [FALSE] omission: OK. So, I, I would take Ibuprofen regularly, OK. You can get that , over the counter. Um, that's four hundred milligrams, two times a day. And you should take, take that after food, not on an empty stomach. If you get any heartburn, stop taking it. OK. (food)
  [FALSE] omission: Maybe within a um, actually you know, the follow-up appointment doesn't have to be face-to-face, if it's more convenient for you do, to do it over the phone, we can do that over the phone, uh, over video. We can do that as well, that's, that's your call. But you contact us, , after you've had the blood test done, and we can review things then, OK. (face)
  [FALSE] omission: Sure, sure that's a good idea. All right then, OK. Um, take care then. So , look just leave that with me, I'll sort all those bits and pieces out, and then we'll get them sent out to you, and then we'll, we'll um, review you after the tests, things goes well, OK. (sort)
  [FALSE] hallucination: Hx: 1 week history of spontaneous elbow swelling left. Not painful. No trauma. No FH of rheumatological disease- NB pt says he has been old he has OA previously by doctors- ? need to confirm this (elbow swelling)
  [FALSE] hallucination: Hx: 1 week history of spontaneous elbow swelling left. Not painful. No trauma. No FH of rheumatological disease- NB pt says he has been old he has OA previously by doctors- ? need to confirm this (trauma)
  [FALSE] hallucination: PMHx: nil of note (note)
  [FALSE] hallucination: Ex: looks well, not in pain. Imp: ? Mild erythema and minimal swelling (if any) around olecranon process left elbow (olecranon process)
  [FALSE] hallucination: Ex: looks well, not in pain. Imp: ? Mild erythema and minimal swelling (if any) around olecranon process left elbow (pain)
  [FALSE] hallucination: pain (negated)
  [FALSE] hallucination: history (affirmed)
  [FALSE] hallucination: medication (negated)
  [FALSE] hallucination: note (affirmed)
  [FALSE] omission: dry skin (affirmed)
  [FALSE] omission: basis (affirmed)
  [FALSE] omission: emergency (affirmed)
  [FALSE] omission: lupus (affirmed)
  [FALSE] omission: osteoarthritis (affirmed)
  [FALSE] omission: mobile (affirmed)
  [FALSE] omission: feel (negated)
  [FALSE] omission: confirmed (affirmed)
  [FALSE] omission: joint swelling (affirmed)
  [FALSE] omission: suffer (affirmed)
  [FALSE] omission: right elbow (negated)
  [FALSE] omission: rheumatoid arthritis (affirmed)
  [FALSE] omission: not sure (affirmed)
  [FALSE] omission: left elbow (negated)
  [FALSE] omission: diseases (affirmed)
  [FALSE] omission: medication (affirmed)
  [FALSE] omission: eczema (affirmed)
  [FALSE] omission: treatment (affirmed)
  [FALSE] hallucination: duration 7 day(s)
  FN - none

prim18.txt
  [FALSE] omission: Um, so, just been having some, um, problems with my hearing, I can't really hear very well, and my , noticed that my face has been feeling a bit numb recently. (hearing: affirmed)
  [FALSE] omission: Um, so, just been having some, um, problems with my hearing, I can't really hear very well, and my , noticed that my face has been feeling a bit numb recently. (very well: negated)
  [FALSE] omission: Um, so, just been having some, um, problems with my hearing, I can't really hear very well, and my , noticed that my face has been feeling a bit numb recently. (feeling: negated)
  [FALSE] omission: Yeah, so again it's the left side, it's kind of like around my left ear, and kind of, along here. So like, my jawline's just all feeling a bit numb round here. (finger: affirmed)
  [FALSE] omission: Yeah, so again it's the left side, it's kind of like around my left ear, and kind of, along here. (left ear: affirmed)
  [FALSE] omission: So yeah, right now it feels very, doesn't feel like when I touch this side of my face. (touch: negated)
  [FALSE] omission: Um, I've, well I've got kind of, been told I have polyps in my nose in the past and, occasionally get them kind of . (nose: affirmed)
  [FALSE] omission: Um, that, that's all fine and, you know I take a Rennie's if I need to, and if my nose polyps are playing up I've got a spray. Um. (rennie: affirmed)
  [FALSE] omission: Other than that I think they said, ages ago, I had something called, can't quite remember but, labyrinthitis, something like that, but again, nothing, nothing ongoing. (other: affirmed)
  [FALSE] omission: Other than that I think they said, ages ago, I had something called, can't quite remember but, labyrinthitis, something like that, but again, nothing, nothing ongoing. (labyrinthitis: affirmed)
  [FALSE] omission: Yeah, so I'm a, I'm a jockey, um, but, because of all the kind of, these symptoms I've been getting, especially sometimes when I get a ringing, I can feel a bit dizzy. (dizzy: affirmed)
  [FALSE] omission: I mean, there was just like, there was one thing I think just, 'cause I can panic and you can look online, get a bit, frantic. (one thing: affirmed)
  [FALSE] omission: I mean, there was just like, there was one thing I think just, 'cause I can panic and you can look online, get a bit, frantic. (panic: affirmed)
  [FALSE] omission: , I guess what I'm trying to think is, you know, is there something particularly serious that, you know, will need to be sorted and. (serious: affirmed)
  [FALSE] omission: , I guess what I'm trying to think is, you know, is there something particularly serious that, you know, will need to be sorted and. (sorted: affirmed)
  [FALSE] omission: so um, uh, obviously we're limited in terms of assessment via the video, uh, portal. (portal: affirmed)
  [FALSE] omission: what you're, what you're describing might be something called Bell's Palsy. (bell's palsy: uncertain)
  [FALSE] omission: But um, that's not usually a life-threatening problem. (usually: negated)
  [FALSE] omission: But, um, part of the reason why I'd like you to come in, it's just that we can do a, a what we call a, a neurological examination just to make sure there's nothing else going on, and confirm that might be the diagnosis. (call: affirmed)
  [FALSE] omission: But, um, part of the reason why I'd like you to come in, it's just that we can do a, a what we call a, a neurological examination just to make sure there's nothing else going on, and confirm that might be the diagnosis. (confirm: affirmed)
  [FALSE] omission: But, um, part of the reason why I'd like you to come in, it's just that we can do a, a what we call a, a neurological examination just to make sure there's nothing else going on, and confirm that might be the diagnosis. (diagnosis: uncertain)
  [FALSE] omission: However, , in order to definitively reassure you, I, I think you need a physical examination today, OK. (physical: affirmed)
  [FALSE] omission: Thank you very much. (very much: affirmed)
  [FALSE] hallucination: Hx: 1 week history of left side difficulty hearing and facial numbness (difficulty hearing: affirmed)
  [FALSE] hallucination: Hx: 1 week history of left side difficulty hearing and facial numbness (facial numbness: affirmed)
  [FALSE] hallucination: No dysphagia, dysarthria, no unilateral weakness/numbness in the rest of the body, no visual disturbances (dysphagia: negated)
  [FALSE] hallucination: No dysphagia, dysarthria, no unilateral weakness/numbness in the rest of the body, no visual disturbances (dysarthria: negated)
  [FALSE] hallucination: No dysphagia, dysarthria, no unilateral weakness/numbness in the rest of the body, no visual disturbances (weakness: negated)
  [FALSE] hallucination: No dysphagia, dysarthria, no unilateral weakness/numbness in the rest of the body, no visual disturbances (visual disturbances: negated)
  [FALSE] hallucination: No ear pain, ear discharge, fever, itchiness or cotton bud use. (ear pain: negated)
  [FALSE] hallucination: No ear pain, ear discharge, fever, itchiness or cotton bud use. (ear discharge: negated)
  [FALSE] hallucination: No ear pain, ear discharge, fever, itchiness or cotton bud use. (fever: negated)
  [FALSE] hallucination: No ear pain, ear discharge, fever, itchiness or cotton bud use. (itchiness: negated)
  [FALSE] hallucination: No ear pain, ear discharge, fever, itchiness or cotton bud use. (cotton: negated)
  [FALSE] hallucination: Plan: for face to face review today for neurological examination and ear examination (ear examination: affirmed)
  [FALSE] hallucination: Pt understands and is happy with plan (understands: affirmed)
  [FALSE] hallucination: Pt understands and is happy with plan (happy: affirmed)
  [FALSE] status_flip: Uh, yeah. It kind of, kind of, there quite often, so, all the time. So yeah, right now it feels very, doesn't feel like when I touch this side of my face. No dysphagia, dysarthria, no unilateral weakness/numbness in the rest of the body, no visual disturbances (numbness: affirmed in transcript vs negated in SOAP note)
  [FALSE] omission: Hi. Um, so, before we start your appointment, could I confirm your full name and date of birth, if that's OK? (confirm)
  [FALSE] omission: Hi. Um, so, before we start your appointment, could I confirm your full name and date of birth, if that's OK? (date)
  [FALSE] omission: Perfect, OK. Um, are you in a private place where you're OK to speak at the moment? (speak)
  [FALSE] omission: Right, OK. And your face feeling numb, where exactly is that? Which part of your face? Can you, can you show me with your finger? (finger)
  [FALSE] omission: Yeah, so again it's the left side, it's kind of like around my left ear, and kind of, along here. So like, my jawline's just all feeling a bit numb round here. (left ear)
  [FALSE] omission: Right, OK. OK. Um, has anything else happened, um, in this time? Any other symptoms you have at all? (other symptoms)
  [FALSE] omission: And, have you had any difficulty speaking? (difficulty speaking)
  [FALSE] omission: Have you noticed any problems with your vision, at all? (vision)
  [FALSE] omission: OK. Uh, and do you have the numbness present right now? (present)
  [FALSE] omission: Uh, yeah. It kind of, kind of, there quite often, so, all the time. So yeah, right now it feels very, doesn't feel like when I touch this side of my face. (touch)
  [FALSE] omission: Sure. Sure, OK. Alright, um, just going back to the kind of feeling in, in the ear, um, do you have any discharge coming from that ear at all? (discharge)
  [FALSE] omission: Sure. Sure, OK. Alright, um, just going back to the kind of feeling in, in the ear, um, do you have any discharge coming from that ear at all? (back)
  [FALSE] omission: Do you use cotton buds to kind of clean your ears out? (ears)
  [FALSE] omission: No. Alright. OK. Alright. Um, need to, need to ask a few other general questions. Um, do you have any other illnesses at all? (illnesses)
  [FALSE] omission: Um, that, that's all fine and, you know I take a Rennie's if I need to, and if my nose polyps are playing up I've got a spray. Um. (playing)
  [FALSE] omission: Sure. Sure, OK. So, are you on any regular medication? You mentioned the spray for your nose. (medication)
  [FALSE] omission: that's alright. That's alright. Uh, and you're not on any other medication at all? (other medication)
  [FALSE] omission: No, OK. Do you have any , any allergies to any medication? (allergies)
  [FALSE] omission: My brother had, Neurofibromatosis, I think it is. Um, other than that everyone else is OK. (neurofibromatosis)
  [FALSE] omission: Yeah, so I'm a, I'm a jockey, um, but, because of all the kind of, these symptoms I've been getting, especially sometimes when I get a ringing, I can feel a bit dizzy. Ohh, I've just had to do far less training. (dizzy)
  [FALSE] omission: OK. So you have to excuse my ignorance, you mean, jockey like with horses? Is that what you're talking about? Yeah. Alright, OK. Fine. Um, great. Um, uh, and, uh, do you live alone? (talking)
  [FALSE] omission: OK. So you have to excuse my ignorance, you mean, jockey like with horses? Is that what you're talking about? Yeah. Alright, OK. Fine. Um, great. Um, uh, and, uh, do you live alone? (alone)
  [FALSE] omission: OK. so um, uh, obviously we're limited in terms of assessment via the video, uh, portal. (portal)
  [FALSE] omission: OK? I ,would like you to come to one of my clinics. I would like a GP to assess you. what you're, what you're describing might be something called Bell's Palsy. OK? Um, (bell's palsy)
  [FALSE] omission: We can go into that, explaining what that is, if um, if that's confirmed on, on physical examination. But um, that's not usually a life-threatening problem. (physical)
  [FALSE] omission: We can go into that, explaining what that is, if um, if that's confirmed on, on physical examination. But um, that's not usually a life-threatening problem. (usually)
  [FALSE] omission: But, um, part of the reason why I'd like you to come in, it's just that we can do a, a what we call a, a neurological examination just to make sure there's nothing else going on, and confirm that might be the diagnosis. Have a look, have a look inside the ear, see if there's any, , anything to see within the ear. (diagnosis)
  [FALSE] omission: But, um, part of the reason why I'd like you to come in, it's just that we can do a, a what we call a, a neurological examination just to make sure there's nothing else going on, and confirm that might be the diagnosis. Have a look, have a look inside the ear, see if there's any, , anything to see within the ear. (call)
  [FALSE] omission: OK, yep, I will do, that's fine. Thank you very much. (very much)
  [FALSE] hallucination: No ear pain, ear discharge, fever, itchiness or cotton bud use. Bell's Palsy- need to rule out any other focal neurology (ear discharge)
  [FALSE] hallucination: No ear pain, ear discharge, fever, itchiness or cotton bud use. Bell's Palsy- need to rule out any other focal neurology (rule)
  [FALSE] hallucination: rule (affirmed)
  [FALSE] hallucination: history (affirmed)
  [FALSE] omission: alone (affirmed)
  [FALSE] omission: back (negated)
  [FALSE] omission: diagnosis (affirmed)
  [FALSE] omission: vision (negated)
  [FALSE] omission: nose (negated)
  [FALSE] omission: illnesses (affirmed)
  [FALSE] omission: date (affirmed)
  [FALSE] omission: difficulty speaking (negated)
  [FALSE] omission: discharge (negated)
  [FALSE] omission: bell's palsy (affirmed)
  [FALSE] omission: face (negated)
  [FALSE] omission: present (affirmed)
  [FALSE] omission: feeling (affirmed)
  [FALSE] omission: rennie (negated)
  [FALSE] omission: medication (affirmed)
  [FALSE] omission: ears (negated)
  [FALSE] omission: other symptoms (affirmed)
  [FALSE] omission: feel (affirmed)
  [FALSE] omission: speak (affirmed)
  [FALSE] omission: illnesses (negated)
  [FALSE] omission: allergies (affirmed)
  [FALSE] omission: other medication (negated)
  [FALSE] hallucination: duration 7 day(s)
  [FN] omission: Slight tinnitus at times in this period- not continuous
Numbness and difficulty hearing present now 
Pmhx: labyrinthitis, heart burn, nasal polyps
DH: Rennies PRN OTC, nasal spray PRN (pt not sure of name)
Allergies: latex allergy
No FH of note
Ex: no facial asymmetry, looks well, normal facial expressions and movements
Imp: ?

=== Evaluation Results ===
prim1.txt: precision=0.00 recall=0.00 f1=0.00 accuracy=0.00 (TP=0 FP=79 FN=1)
prim10.txt: precision=0.01 recall=1.00 f1=0.02 accuracy=0.01 (TP=1 FP=122 FN=0)
prim11.txt: precision=0.01 recall=0.33 f1=0.01 accuracy=0.01 (TP=1 FP=132 FN=2)
prim12.txt: precision=0.01 recall=0.33 f1=0.02 accuracy=0.01 (TP=1 FP=99 FN=2)
prim13.txt: precision=0.01 recall=0.50 f1=0.01 accuracy=0.01 (TP=1 FP=161 FN=1)
prim14.txt: precision=0.00 recall=0.00 f1=0.00 accuracy=0.00 (TP=0 FP=169 FN=0)
prim15.txt: precision=0.00 recall=0.00 f1=0.00 accuracy=0.00 (TP=0 FP=105 FN=3)
prim16.txt: precision=0.00 recall=0.00 f1=0.00 accuracy=0.00 (TP=0 FP=107 FN=2)
prim17.txt: precision=0.01 recall=1.00 f1=0.02 accuracy=0.01 (TP=1 FP=122 FN=0)
prim18.txt: precision=0.00 recall=0.00 f1=0.00 accuracy=0.00 (TP=0 FP=94 FN=1)

Overall (all types): precision=0.00 recall=0.29 f1=0.01 accuracy=0.00 (TP=5 FP=1190 FN=12)

By type:
  hallucination: precision=0.03 recall=0.62 f1=0.05 accuracy=0.03 (TP=5 FP=176 FN=3)
  omission: precision=0.00 recall=0.00 f1=0.00 accuracy=0.00 (TP=0 FP=1000 FN=9)
  status_flip: precision=0.00 recall=0.00 f1=0.00 accuracy=0.00 (TP=0 FP=14 FN=0)
